----
-- phpLiteAdmin database dump (http://www.phpliteadmin.org/)
-- phpLiteAdmin version: 1.9.7.1
-- Exported: 4:37pm on May 22, 2018 (UTC)
-- database file: F:\sqlite\api.sqlite
----
BEGIN TRANSACTION;

----
-- Drop table for migrations
----
DROP TABLE IF EXISTS "migrations";

----
-- Table structure for migrations
----
CREATE TABLE "migrations" ("id" integer not null primary key autoincrement, "migration" varchar not null, "batch" integer not null);

----
-- Data dump for migrations, a total of 4 rows
----
INSERT INTO "migrations" ("id","migration","batch") VALUES ('1','2014_10_12_000000_create_users_table','1');
INSERT INTO "migrations" ("id","migration","batch") VALUES ('2','2014_10_12_100000_create_password_resets_table','1');
INSERT INTO "migrations" ("id","migration","batch") VALUES ('3','2018_05_21_214241_create_products_table','2');
INSERT INTO "migrations" ("id","migration","batch") VALUES ('4','2018_05_21_214448_create_reviews_table','2');

----
-- Drop table for users
----
DROP TABLE IF EXISTS "users";

----
-- Table structure for users
----
CREATE TABLE "users" ("id" integer not null primary key autoincrement, "name" varchar not null, "email" varchar not null, "password" varchar not null, "remember_token" varchar null, "created_at" datetime null, "updated_at" datetime null);

----
-- Data dump for users, a total of 0 rows
----

----
-- Drop table for password_resets
----
DROP TABLE IF EXISTS "password_resets";

----
-- Table structure for password_resets
----
CREATE TABLE "password_resets" ("email" varchar not null, "token" varchar not null, "created_at" datetime null);

----
-- Data dump for password_resets, a total of 0 rows
----

----
-- Drop table for products
----
DROP TABLE IF EXISTS "products";

----
-- Table structure for products
----
CREATE TABLE "products" ("id" integer not null primary key autoincrement, "name" varchar not null, "detail" text not null, "price" integer not null, "stock" integer not null, "discount" integer not null, "created_at" datetime null, "updated_at" datetime null);

----
-- Data dump for products, a total of 50 rows
----
INSERT INTO "products" ("id","name","detail","price","stock","discount","created_at","updated_at") VALUES ('1','quos','Amet recusandae id repellat minima. Et dolorem aut sed aut debitis id tenetur est. Animi in eum ad et. Sit ipsam aut illo nemo. Ab ut similique ab est.','965','6','17','2018-05-22 16:32:26','2018-05-22 16:32:26');
INSERT INTO "products" ("id","name","detail","price","stock","discount","created_at","updated_at") VALUES ('2','aut','Cum iure non deleniti accusantium neque voluptatem voluptatem suscipit. Omnis amet perspiciatis accusamus repudiandae illo. Aspernatur voluptate velit voluptatem quo.','427','1','28','2018-05-22 16:32:27','2018-05-22 16:32:27');
INSERT INTO "products" ("id","name","detail","price","stock","discount","created_at","updated_at") VALUES ('3','et','Aut et deserunt quis et corrupti illum. Id voluptates fuga maiores cumque voluptas et consequatur. Ullam illum suscipit iste odit. Accusantium quia tempore necessitatibus cum rerum suscipit.','474','5','8','2018-05-22 16:32:27','2018-05-22 16:32:27');
INSERT INTO "products" ("id","name","detail","price","stock","discount","created_at","updated_at") VALUES ('4','aliquam','Aspernatur illo distinctio corrupti omnis voluptatem dignissimos. Quis nobis perferendis quo voluptas non. Est non voluptatem et eligendi minus blanditiis cupiditate.','356','2','14','2018-05-22 16:32:27','2018-05-22 16:32:27');
INSERT INTO "products" ("id","name","detail","price","stock","discount","created_at","updated_at") VALUES ('5','maiores','Quos nemo voluptate deleniti voluptatum a sint. Molestiae commodi dignissimos quia veritatis sunt dicta repellat. Corporis nobis quia libero iusto in commodi dolores. Consequatur aspernatur voluptas asperiores eius repudiandae.','918','5','22','2018-05-22 16:32:27','2018-05-22 16:32:27');
INSERT INTO "products" ("id","name","detail","price","stock","discount","created_at","updated_at") VALUES ('6','et','Ipsam eligendi iusto dolorem est unde. Dolore saepe ut quo modi illo dolorem.','297','6','2','2018-05-22 16:32:27','2018-05-22 16:32:27');
INSERT INTO "products" ("id","name","detail","price","stock","discount","created_at","updated_at") VALUES ('7','laudantium','Harum ipsam quia aliquam libero labore. Fugiat inventore suscipit neque aut sapiente sed. Omnis cupiditate quis dolor qui. Possimus error ut similique aliquid.','650','2','18','2018-05-22 16:32:27','2018-05-22 16:32:27');
INSERT INTO "products" ("id","name","detail","price","stock","discount","created_at","updated_at") VALUES ('8','harum','Illo possimus voluptatem aut veniam earum. Autem sit dolor nihil quae facilis. Sint hic et qui nostrum pariatur voluptatum suscipit. Ipsam aut eum iste numquam nemo.','614','0','5','2018-05-22 16:32:27','2018-05-22 16:32:27');
INSERT INTO "products" ("id","name","detail","price","stock","discount","created_at","updated_at") VALUES ('9','non','Rerum necessitatibus tempore repudiandae est culpa quia. Laborum eos a nulla. Sint quos eaque et voluptatem ullam. Ad aliquid hic non provident.','421','4','10','2018-05-22 16:32:27','2018-05-22 16:32:27');
INSERT INTO "products" ("id","name","detail","price","stock","discount","created_at","updated_at") VALUES ('10','voluptatem','Omnis eaque praesentium temporibus omnis eos ea. Corrupti possimus dolor nihil sunt. Non hic sunt illo omnis natus molestias dolor. Id repellendus reprehenderit odit molestiae omnis adipisci id.','758','4','8','2018-05-22 16:32:27','2018-05-22 16:32:27');
INSERT INTO "products" ("id","name","detail","price","stock","discount","created_at","updated_at") VALUES ('11','veritatis','Et explicabo voluptas sint. Excepturi voluptatem nisi et est sint tempore. Unde quis optio consequuntur aut accusantium pariatur soluta autem. Fugiat quo quo commodi quaerat molestiae et.','999','8','17','2018-05-22 16:32:27','2018-05-22 16:32:27');
INSERT INTO "products" ("id","name","detail","price","stock","discount","created_at","updated_at") VALUES ('12','voluptatibus','Et sed ullam omnis ducimus omnis officiis dolor. Harum architecto earum eius quia. Vel ducimus porro adipisci assumenda et voluptates ex qui.','798','7','3','2018-05-22 16:32:28','2018-05-22 16:32:28');
INSERT INTO "products" ("id","name","detail","price","stock","discount","created_at","updated_at") VALUES ('13','alias','Autem magnam aperiam pariatur. Dolorum sed et rem consequatur dolores. Delectus inventore et voluptate aliquam consequuntur pariatur.','203','3','13','2018-05-22 16:32:28','2018-05-22 16:32:28');
INSERT INTO "products" ("id","name","detail","price","stock","discount","created_at","updated_at") VALUES ('14','neque','Cum ducimus quas quasi ut. Consectetur deleniti odit aperiam aut ex. Sunt eum ullam enim dolorum.','693','2','11','2018-05-22 16:32:28','2018-05-22 16:32:28');
INSERT INTO "products" ("id","name","detail","price","stock","discount","created_at","updated_at") VALUES ('15','et','Cupiditate excepturi voluptates aut et officia iure libero. Reiciendis eligendi repellendus eius est expedita corporis quisquam. Vel aliquam architecto ut neque.','881','4','23','2018-05-22 16:32:28','2018-05-22 16:32:28');
INSERT INTO "products" ("id","name","detail","price","stock","discount","created_at","updated_at") VALUES ('16','error','Exercitationem quia voluptas soluta. Voluptas neque dolorum blanditiis porro id rerum quisquam. Est consequatur illum assumenda eaque.','682','8','27','2018-05-22 16:32:28','2018-05-22 16:32:28');
INSERT INTO "products" ("id","name","detail","price","stock","discount","created_at","updated_at") VALUES ('17','vel','Dicta expedita sit officia. Minus tempore est et incidunt ipsa ea. Doloribus nam molestias sit molestiae autem voluptatem itaque.','445','7','6','2018-05-22 16:32:28','2018-05-22 16:32:28');
INSERT INTO "products" ("id","name","detail","price","stock","discount","created_at","updated_at") VALUES ('18','ab','Atque eveniet voluptas rerum nesciunt provident quis repellat aliquid. Voluptatum laboriosam impedit neque accusamus ipsum doloremque quisquam. Atque dolor laborum pariatur dolor.','113','2','14','2018-05-22 16:32:28','2018-05-22 16:32:28');
INSERT INTO "products" ("id","name","detail","price","stock","discount","created_at","updated_at") VALUES ('19','odit','Perspiciatis voluptatum qui eius velit voluptate. Quaerat consequatur et qui debitis in. Sunt est voluptatem consequatur. Voluptatem autem perferendis voluptatibus et quas aspernatur. Repellat corporis necessitatibus dignissimos adipisci est enim ut.','158','2','18','2018-05-22 16:32:28','2018-05-22 16:32:28');
INSERT INTO "products" ("id","name","detail","price","stock","discount","created_at","updated_at") VALUES ('20','soluta','Est maiores sint aut voluptatem delectus. Non quae distinctio aperiam magni voluptatem neque consequatur. Et et optio quaerat qui sed et.','820','7','26','2018-05-22 16:32:28','2018-05-22 16:32:28');
INSERT INTO "products" ("id","name","detail","price","stock","discount","created_at","updated_at") VALUES ('21','quos','Saepe et magni voluptatum iusto iusto. Deleniti est id molestiae et. Et ea dolore voluptas quam dolorem nesciunt placeat. Quia eligendi nobis tenetur quasi temporibus.','254','0','21','2018-05-22 16:32:28','2018-05-22 16:32:28');
INSERT INTO "products" ("id","name","detail","price","stock","discount","created_at","updated_at") VALUES ('22','id','Atque eveniet minus temporibus voluptatem sapiente. Quis provident fuga rem ipsam odio eos eaque blanditiis. Accusantium ab iste aperiam consequuntur assumenda.','551','2','6','2018-05-22 16:32:29','2018-05-22 16:32:29');
INSERT INTO "products" ("id","name","detail","price","stock","discount","created_at","updated_at") VALUES ('23','amet','Delectus numquam sint occaecati vero inventore. Aliquid cum odio quis autem deleniti in voluptatem. Similique atque aut vitae inventore incidunt. Et nostrum quidem ratione sint.','112','5','14','2018-05-22 16:32:29','2018-05-22 16:32:29');
INSERT INTO "products" ("id","name","detail","price","stock","discount","created_at","updated_at") VALUES ('24','iure','Laborum odit culpa et nisi tempore fugiat quasi rerum. Laborum dolorum est tenetur quidem. Consequuntur id omnis non voluptates qui laborum dignissimos.','360','4','14','2018-05-22 16:32:29','2018-05-22 16:32:29');
INSERT INTO "products" ("id","name","detail","price","stock","discount","created_at","updated_at") VALUES ('25','omnis','Ea deserunt numquam similique est. Ab non voluptas exercitationem dolores officiis voluptatem quia voluptatibus. Placeat doloremque expedita corporis incidunt aut.','126','9','21','2018-05-22 16:32:29','2018-05-22 16:32:29');
INSERT INTO "products" ("id","name","detail","price","stock","discount","created_at","updated_at") VALUES ('26','consectetur','Quaerat enim sunt qui laudantium. Nam veniam commodi perspiciatis excepturi non et. Deserunt sit sed inventore odit quos nobis voluptatibus.','876','8','20','2018-05-22 16:32:29','2018-05-22 16:32:29');
INSERT INTO "products" ("id","name","detail","price","stock","discount","created_at","updated_at") VALUES ('27','ipsum','Ut ea similique odit labore temporibus. Incidunt et est voluptas sit. Qui possimus sunt voluptatibus ratione aut. Aut natus ab eius magnam.','407','4','7','2018-05-22 16:32:29','2018-05-22 16:32:29');
INSERT INTO "products" ("id","name","detail","price","stock","discount","created_at","updated_at") VALUES ('28','dicta','Quis sint dolor sunt facilis quae dignissimos. Quod veniam quam eum. Excepturi est quae nihil dolor perferendis voluptatem voluptatem. Consequatur quis aut unde beatae suscipit in laboriosam.','968','8','14','2018-05-22 16:32:29','2018-05-22 16:32:29');
INSERT INTO "products" ("id","name","detail","price","stock","discount","created_at","updated_at") VALUES ('29','consequatur','Et voluptatem odit magni dolores quia. Dicta voluptatem et et esse est. Corporis aspernatur dolores qui aperiam et commodi.','282','3','21','2018-05-22 16:32:29','2018-05-22 16:32:29');
INSERT INTO "products" ("id","name","detail","price","stock","discount","created_at","updated_at") VALUES ('30','atque','Molestias sit iusto commodi voluptate nulla nihil eveniet. Iste sed officiis perferendis atque veritatis dolores accusantium. Voluptatem sapiente illum corporis et excepturi. Quos aut laudantium atque. Sit reprehenderit eos non qui.','364','3','28','2018-05-22 16:32:29','2018-05-22 16:32:29');
INSERT INTO "products" ("id","name","detail","price","stock","discount","created_at","updated_at") VALUES ('31','nisi','Rem molestias sunt odio voluptate nobis velit beatae eaque. Provident adipisci doloribus dolores ipsum. Est rerum quo ut quod tempora id.','665','5','8','2018-05-22 16:32:29','2018-05-22 16:32:29');
INSERT INTO "products" ("id","name","detail","price","stock","discount","created_at","updated_at") VALUES ('32','ut','Deserunt rerum voluptate quis voluptatem magni. Voluptatem adipisci aut neque deleniti ut iste quos. Natus quos quam est reprehenderit qui. Autem veniam et quam animi rerum laboriosam.','901','6','3','2018-05-22 16:32:30','2018-05-22 16:32:30');
INSERT INTO "products" ("id","name","detail","price","stock","discount","created_at","updated_at") VALUES ('33','aspernatur','Sit voluptatem velit earum sed ducimus ab. Quo omnis placeat laborum doloremque deserunt porro necessitatibus.','571','6','18','2018-05-22 16:32:30','2018-05-22 16:32:30');
INSERT INTO "products" ("id","name","detail","price","stock","discount","created_at","updated_at") VALUES ('34','est','Labore omnis tempora itaque quis aut sint totam aperiam. Quos occaecati dolor expedita doloribus provident incidunt. Sint adipisci fugit magni soluta porro occaecati. Eos vero iste natus aut nobis aspernatur.','470','2','10','2018-05-22 16:32:30','2018-05-22 16:32:30');
INSERT INTO "products" ("id","name","detail","price","stock","discount","created_at","updated_at") VALUES ('35','est','Non rerum temporibus libero et. Error doloremque numquam mollitia qui. Expedita repellendus tempora unde. Dignissimos iste quia placeat culpa illum neque.','921','8','21','2018-05-22 16:32:30','2018-05-22 16:32:30');
INSERT INTO "products" ("id","name","detail","price","stock","discount","created_at","updated_at") VALUES ('36','rerum','Maiores ullam tenetur ab ipsam. Rem aspernatur aliquid esse odit est temporibus iste. Quasi voluptate placeat eaque qui.','565','5','24','2018-05-22 16:32:30','2018-05-22 16:32:30');
INSERT INTO "products" ("id","name","detail","price","stock","discount","created_at","updated_at") VALUES ('37','accusamus','Repellat aspernatur et quasi itaque. Iste doloremque qui vel placeat laboriosam omnis et.','984','3','8','2018-05-22 16:32:30','2018-05-22 16:32:30');
INSERT INTO "products" ("id","name","detail","price","stock","discount","created_at","updated_at") VALUES ('38','occaecati','Accusantium aut mollitia ducimus. Voluptas sunt commodi qui ut commodi quis deleniti.','305','8','14','2018-05-22 16:32:30','2018-05-22 16:32:30');
INSERT INTO "products" ("id","name","detail","price","stock","discount","created_at","updated_at") VALUES ('39','eos','Sequi enim atque ad amet. Quidem facilis aspernatur repellat est ut quis est. Alias earum illo molestias et dolorem aut aut.','378','6','6','2018-05-22 16:32:30','2018-05-22 16:32:30');
INSERT INTO "products" ("id","name","detail","price","stock","discount","created_at","updated_at") VALUES ('40','officia','Eos necessitatibus nobis est voluptas a officiis. Omnis voluptas sit quidem nesciunt repellendus numquam. Culpa reprehenderit libero optio est eveniet est. Vero et qui at pariatur molestias rem id.','729','0','7','2018-05-22 16:32:30','2018-05-22 16:32:30');
INSERT INTO "products" ("id","name","detail","price","stock","discount","created_at","updated_at") VALUES ('41','amet','Vel odio ad saepe asperiores velit labore accusantium. Consequatur ut est dolor magni ad aut. Consequuntur corrupti sed ex illum optio doloremque et rerum. Soluta ea similique laudantium et dolores dicta voluptas.','459','7','30','2018-05-22 16:32:30','2018-05-22 16:32:30');
INSERT INTO "products" ("id","name","detail","price","stock","discount","created_at","updated_at") VALUES ('42','consequuntur','Est cumque pariatur est officiis reprehenderit aliquid exercitationem non. Architecto cum labore vero sit sunt sed atque. Delectus quidem molestiae voluptatibus culpa occaecati. Et sunt consequatur earum quia a.','270','6','9','2018-05-22 16:32:31','2018-05-22 16:32:31');
INSERT INTO "products" ("id","name","detail","price","stock","discount","created_at","updated_at") VALUES ('43','exercitationem','In praesentium sequi quasi deserunt. Modi consequatur voluptate molestiae. A occaecati molestiae velit quae.','405','7','14','2018-05-22 16:32:31','2018-05-22 16:32:31');
INSERT INTO "products" ("id","name","detail","price","stock","discount","created_at","updated_at") VALUES ('44','consequatur','Enim deserunt repellendus placeat officiis quae dignissimos distinctio sit. Id molestias tempora omnis. Aliquam est eum sint corrupti molestiae et earum et. Quia consequuntur quam quia molestias unde quia.','812','8','10','2018-05-22 16:32:31','2018-05-22 16:32:31');
INSERT INTO "products" ("id","name","detail","price","stock","discount","created_at","updated_at") VALUES ('45','delectus','Qui et et magni amet debitis est. Qui iusto quae molestiae et velit. Ullam natus magnam itaque velit maiores sit. Praesentium et porro sunt fuga voluptatem sed deleniti sed.','353','1','29','2018-05-22 16:32:31','2018-05-22 16:32:31');
INSERT INTO "products" ("id","name","detail","price","stock","discount","created_at","updated_at") VALUES ('46','voluptatem','Et occaecati autem cumque ullam. Id minus corrupti quia qui unde voluptatum. Omnis tempore eligendi placeat et.','841','9','6','2018-05-22 16:32:31','2018-05-22 16:32:31');
INSERT INTO "products" ("id","name","detail","price","stock","discount","created_at","updated_at") VALUES ('47','et','Qui ut ea aliquam quis et iure provident. Consequatur dicta aut alias officia et aliquam. Nobis et nisi soluta.','279','6','25','2018-05-22 16:32:31','2018-05-22 16:32:31');
INSERT INTO "products" ("id","name","detail","price","stock","discount","created_at","updated_at") VALUES ('48','alias','Qui reprehenderit laudantium rerum incidunt. Reiciendis eveniet sit sit maxime aut quae. Non dolorum neque nihil rerum dolore mollitia. Et quam eos minima illum.','302','5','7','2018-05-22 16:32:31','2018-05-22 16:32:31');
INSERT INTO "products" ("id","name","detail","price","stock","discount","created_at","updated_at") VALUES ('49','aliquid','Explicabo non rerum eum architecto. Aut ipsum optio veritatis. Dolor dolorum nulla sint.','260','0','4','2018-05-22 16:32:31','2018-05-22 16:32:31');
INSERT INTO "products" ("id","name","detail","price","stock","discount","created_at","updated_at") VALUES ('50','ut','Aut maxime consequuntur nihil sint saepe omnis. Et eum alias et ad ipsa. Recusandae perspiciatis sit quis.','788','7','25','2018-05-22 16:32:31','2018-05-22 16:32:31');

----
-- Drop table for reviews
----
DROP TABLE IF EXISTS "reviews";

----
-- Table structure for reviews
----
CREATE TABLE "reviews" ("id" integer not null primary key autoincrement, "customer" varchar not null, "review" text not null, "star" integer not null, "product_id" integer not null, "created_at" datetime null, "updated_at" datetime null, foreign key("product_id") references "products"("id") on delete cascade);

----
-- Data dump for reviews, a total of 300 rows
----
INSERT INTO "reviews" ("id","customer","review","star","product_id","created_at","updated_at") VALUES ('1','Kaitlyn Davis','Et hic omnis non sapiente dicta et placeat. Magni voluptates molestiae quia ut nemo voluptas. Repudiandae vel quam ullam. Aperiam beatae laborum hic veritatis.','2','3','2018-05-22 16:32:32','2018-05-22 16:32:32');
INSERT INTO "reviews" ("id","customer","review","star","product_id","created_at","updated_at") VALUES ('2','Mr. Lucio Stark I','Sit blanditiis aut nam. Quas minima numquam iusto. Consequuntur magni exercitationem atque aperiam est quia vitae. Rem voluptatem et rerum necessitatibus. Et minus qui dolor in est aliquam aperiam facilis.','3','42','2018-05-22 16:32:32','2018-05-22 16:32:32');
INSERT INTO "reviews" ("id","customer","review","star","product_id","created_at","updated_at") VALUES ('3','Tyrel Medhurst Sr.','Veritatis vel qui ea reiciendis at libero dignissimos qui. Nisi quaerat asperiores sequi nisi enim quo. Sunt voluptas et voluptatum quo a temporibus ea.','4','30','2018-05-22 16:32:32','2018-05-22 16:32:32');
INSERT INTO "reviews" ("id","customer","review","star","product_id","created_at","updated_at") VALUES ('4','Nayeli Grady','Culpa ipsum sed id architecto. Optio ut rem corrupti illo. Omnis aut fugit fugit cum ducimus ut. Modi id perspiciatis velit et illum officiis. Architecto et nulla et voluptas.','2','14','2018-05-22 16:32:32','2018-05-22 16:32:32');
INSERT INTO "reviews" ("id","customer","review","star","product_id","created_at","updated_at") VALUES ('5','Allen Yundt','Voluptas nobis quam et corrupti harum voluptas dolor. Non ut laboriosam voluptates. Et ratione architecto dolorum qui ut aliquam omnis. Neque libero odit veniam sunt. Sunt sit aut voluptatibus explicabo architecto eos distinctio et.','2','39','2018-05-22 16:32:32','2018-05-22 16:32:32');
INSERT INTO "reviews" ("id","customer","review","star","product_id","created_at","updated_at") VALUES ('6','Mario Thompson','Laboriosam aliquid nesciunt nostrum. Facere ad tenetur quidem veritatis vero aut adipisci et.','0','17','2018-05-22 16:32:32','2018-05-22 16:32:32');
INSERT INTO "reviews" ("id","customer","review","star","product_id","created_at","updated_at") VALUES ('7','George Kozey','Quia incidunt excepturi voluptates molestiae. Iste inventore in nulla laboriosam ipsum esse. Quam odio sint iusto quaerat omnis illo. Totam consectetur est quia ullam aliquid.','4','34','2018-05-22 16:32:32','2018-05-22 16:32:32');
INSERT INTO "reviews" ("id","customer","review","star","product_id","created_at","updated_at") VALUES ('8','Demarcus Jakubowski','Inventore nam tempora corporis nobis facilis modi. Cum eum voluptatibus corrupti dolorem est debitis. Saepe consequatur maxime excepturi voluptate aut eius.','5','38','2018-05-22 16:32:32','2018-05-22 16:32:32');
INSERT INTO "reviews" ("id","customer","review","star","product_id","created_at","updated_at") VALUES ('9','Davon Schroeder','Enim dolorem porro et rerum et sequi laborum ut. Qui facilis tempore ad officiis molestias dolorum voluptas. Voluptates aspernatur tempore voluptatum et corporis aut. Consequuntur maxime sed eum sunt non et.','0','11','2018-05-22 16:32:33','2018-05-22 16:32:33');
INSERT INTO "reviews" ("id","customer","review","star","product_id","created_at","updated_at") VALUES ('10','Prof. Dario Schuppe','Consequatur ducimus aut vero hic assumenda. Error qui maxime sed consequuntur. Consequatur sint vero perferendis repellat sint qui laudantium. Nesciunt et quia nisi fuga sit veritatis animi.','1','31','2018-05-22 16:32:33','2018-05-22 16:32:33');
INSERT INTO "reviews" ("id","customer","review","star","product_id","created_at","updated_at") VALUES ('11','Conrad Bahringer','Perspiciatis explicabo eius odit eum beatae. Quis quo consequatur provident sit blanditiis dignissimos. Nemo sunt dolor consequatur voluptatem.','2','7','2018-05-22 16:32:33','2018-05-22 16:32:33');
INSERT INTO "reviews" ("id","customer","review","star","product_id","created_at","updated_at") VALUES ('12','Dr. Jack Powlowski','Tenetur qui eius dolores nostrum temporibus. Voluptas iusto soluta quia aut. Laudantium sit qui non sint architecto perferendis est.','2','9','2018-05-22 16:32:33','2018-05-22 16:32:33');
INSERT INTO "reviews" ("id","customer","review","star","product_id","created_at","updated_at") VALUES ('13','Prof. Brice Reichel I','Voluptas illo et voluptatem maxime autem dolor et est. Ullam voluptate aspernatur odio aut. Et eius sit aut molestias et. Sit dolores molestias recusandae non vel earum et sit.','3','5','2018-05-22 16:32:33','2018-05-22 16:32:33');
INSERT INTO "reviews" ("id","customer","review","star","product_id","created_at","updated_at") VALUES ('14','Dr. Ryder Braun','Aspernatur dolores repudiandae quod adipisci enim. Maiores ab rerum omnis et voluptatem sunt in. Et ullam dolor vero cupiditate.','1','37','2018-05-22 16:32:33','2018-05-22 16:32:33');
INSERT INTO "reviews" ("id","customer","review","star","product_id","created_at","updated_at") VALUES ('15','Nathaniel Mosciski','Ipsa magnam quidem nam sit dignissimos rerum et est. Impedit debitis rerum aut minima velit fuga. Maxime sequi sed assumenda. Culpa cum vero aliquid consequatur perspiciatis.','4','26','2018-05-22 16:32:33','2018-05-22 16:32:33');
INSERT INTO "reviews" ("id","customer","review","star","product_id","created_at","updated_at") VALUES ('16','Caitlyn Turcotte','Fugit at sequi accusamus non. Dolorem ut magnam error ipsam. Ab quo voluptatem quidem ut odio. Occaecati aliquam molestiae consequatur autem itaque.','2','1','2018-05-22 16:32:33','2018-05-22 16:32:33');
INSERT INTO "reviews" ("id","customer","review","star","product_id","created_at","updated_at") VALUES ('17','Claire Ullrich III','Aliquam harum occaecati ullam libero. Et ducimus molestiae voluptas quaerat. Voluptatem est amet rerum sed voluptas delectus veniam. Nam iure dicta ipsam laboriosam.','2','19','2018-05-22 16:32:33','2018-05-22 16:32:33');
INSERT INTO "reviews" ("id","customer","review","star","product_id","created_at","updated_at") VALUES ('18','Clementina Ankunding I','Provident ipsum dolorem ducimus saepe harum impedit. Sit error aut quam aut vel. Omnis labore doloremque ab inventore quo quos. Sit vel mollitia nisi. Delectus animi nisi impedit nulla officiis veritatis sequi.','0','7','2018-05-22 16:32:34','2018-05-22 16:32:34');
INSERT INTO "reviews" ("id","customer","review","star","product_id","created_at","updated_at") VALUES ('19','Melody Koss','Est voluptatem nostrum facilis aut optio necessitatibus ut. Maiores et sunt fuga aperiam impedit vitae. Vel pariatur ut nihil ut sed. Blanditiis ut nostrum aut quasi beatae.','3','26','2018-05-22 16:32:34','2018-05-22 16:32:34');
INSERT INTO "reviews" ("id","customer","review","star","product_id","created_at","updated_at") VALUES ('20','Maryse Jakubowski','Voluptatem quasi saepe voluptates et minima praesentium illum. Quia voluptatem reprehenderit facere beatae dolorum repellat esse. Eaque repellendus veritatis quis voluptatem ut hic.','1','15','2018-05-22 16:32:34','2018-05-22 16:32:34');
INSERT INTO "reviews" ("id","customer","review","star","product_id","created_at","updated_at") VALUES ('21','Raheem Rippin','Eos odit nisi libero quam sit odit. Voluptas dolorem provident nihil repellat eligendi fugiat aut. Natus voluptatibus et incidunt ut dicta. Facilis deleniti quia et fuga et quidem et ab.','1','8','2018-05-22 16:32:34','2018-05-22 16:32:34');
INSERT INTO "reviews" ("id","customer","review","star","product_id","created_at","updated_at") VALUES ('22','Ms. Madge Block','Vero qui laboriosam eveniet quas nostrum quia. Hic tempore at occaecati eveniet. Cumque suscipit ut perferendis minima est error. Et ex laboriosam dolorem vel et.','1','33','2018-05-22 16:32:34','2018-05-22 16:32:34');
INSERT INTO "reviews" ("id","customer","review","star","product_id","created_at","updated_at") VALUES ('23','Seth Bosco','Voluptatem ipsum ea rerum minima omnis. Qui aliquid velit dolore itaque voluptatem itaque quidem. Et tenetur veritatis pariatur vel. Dolores excepturi laborum laudantium error ratione.','5','49','2018-05-22 16:32:34','2018-05-22 16:32:34');
INSERT INTO "reviews" ("id","customer","review","star","product_id","created_at","updated_at") VALUES ('24','Alverta Stroman','Dolorem sequi repellendus vel occaecati placeat est. Fugiat dolorem enim aliquid. Omnis cumque consectetur et voluptatibus ut ad. Porro qui explicabo cumque est.','0','31','2018-05-22 16:32:34','2018-05-22 16:32:34');
INSERT INTO "reviews" ("id","customer","review","star","product_id","created_at","updated_at") VALUES ('25','Mr. Efrain Langosh V','Voluptatem quia et accusantium quam. Dignissimos facere sed quo voluptatum earum aliquam. Sequi quibusdam cumque magnam et.','0','3','2018-05-22 16:32:34','2018-05-22 16:32:34');
INSERT INTO "reviews" ("id","customer","review","star","product_id","created_at","updated_at") VALUES ('26','Lance Yundt II','Eum velit et voluptates quas. Voluptatem omnis consequatur similique in. Quas qui voluptatem aspernatur blanditiis facere ullam odio.','2','1','2018-05-22 16:32:34','2018-05-22 16:32:34');
INSERT INTO "reviews" ("id","customer","review","star","product_id","created_at","updated_at") VALUES ('27','Amara Rodriguez','Ullam ullam temporibus ea doloremque animi quia velit. Et aut laborum illum soluta rerum quo. Debitis ut ut aliquam perferendis alias. Aspernatur cum dignissimos odit.','5','45','2018-05-22 16:32:35','2018-05-22 16:32:35');
INSERT INTO "reviews" ("id","customer","review","star","product_id","created_at","updated_at") VALUES ('28','Gabrielle Feil','Id sunt ea ut labore dolores quis aut. Dolor accusamus earum quidem quibusdam voluptatem adipisci. Eligendi suscipit nisi neque enim.','2','16','2018-05-22 16:32:35','2018-05-22 16:32:35');
INSERT INTO "reviews" ("id","customer","review","star","product_id","created_at","updated_at") VALUES ('29','Gussie Mann','Et atque ea illo corporis. Ut facere quos porro. Delectus est beatae aut nisi neque animi minus. Sequi natus provident quo accusamus enim.','2','46','2018-05-22 16:32:35','2018-05-22 16:32:35');
INSERT INTO "reviews" ("id","customer","review","star","product_id","created_at","updated_at") VALUES ('30','Jess Hyatt','Autem exercitationem laborum labore. Omnis minima et pariatur ut itaque. Consequatur pariatur commodi ea nihil dolores id sit explicabo.','4','39','2018-05-22 16:32:35','2018-05-22 16:32:35');
INSERT INTO "reviews" ("id","customer","review","star","product_id","created_at","updated_at") VALUES ('31','Dr. Vesta Robel Sr.','Rerum quis sed rerum cum dicta optio consequatur. Vitae enim doloremque laborum vel perspiciatis illum tempore. Dignissimos et non dolorem sed dolores laborum reprehenderit. Est sit consectetur velit nihil.','3','50','2018-05-22 16:32:35','2018-05-22 16:32:35');
INSERT INTO "reviews" ("id","customer","review","star","product_id","created_at","updated_at") VALUES ('32','Mr. Ulises Roob V','Amet asperiores aut atque dolor non dolores incidunt velit. Eius consequatur vitae tempora blanditiis similique officiis hic. Eos animi soluta autem tenetur reprehenderit nam consequatur. Cupiditate a minus asperiores est maiores.','5','9','2018-05-22 16:32:35','2018-05-22 16:32:35');
INSERT INTO "reviews" ("id","customer","review","star","product_id","created_at","updated_at") VALUES ('33','Shirley Daniel','Voluptas est corrupti rerum officia hic ut. Temporibus consequuntur voluptas distinctio nostrum quia illo. Pariatur labore hic aut voluptates eos. Voluptate possimus eum rerum rerum.','2','2','2018-05-22 16:32:35','2018-05-22 16:32:35');
INSERT INTO "reviews" ("id","customer","review","star","product_id","created_at","updated_at") VALUES ('34','Amira DuBuque','Rerum neque vitae minima quis rem aspernatur. Possimus at possimus explicabo fuga deleniti laudantium libero. Ut incidunt omnis expedita asperiores sed qui.','5','14','2018-05-22 16:32:35','2018-05-22 16:32:35');
INSERT INTO "reviews" ("id","customer","review","star","product_id","created_at","updated_at") VALUES ('35','Mrs. Cassie Schowalter','Excepturi sed earum cum reiciendis harum natus molestiae assumenda. Sint officia consequatur et aut distinctio a mollitia est. Itaque reiciendis dolor earum minus.','5','33','2018-05-22 16:32:36','2018-05-22 16:32:36');
INSERT INTO "reviews" ("id","customer","review","star","product_id","created_at","updated_at") VALUES ('36','Myrtie Lemke','Voluptate architecto autem quia alias illo sit ut. Laudantium eligendi rerum voluptatibus nostrum est. Id ut quae et assumenda qui et. Sit non error libero ut perspiciatis laboriosam eligendi.','2','46','2018-05-22 16:32:36','2018-05-22 16:32:36');
INSERT INTO "reviews" ("id","customer","review","star","product_id","created_at","updated_at") VALUES ('37','Adolph Hansen','Quia neque accusamus repudiandae doloribus. Nisi molestiae quo quos et blanditiis voluptas molestiae. Sed facere ea voluptas repudiandae hic corporis omnis. Illo tempore inventore et at numquam iste et. Qui maiores et qui maiores esse.','2','14','2018-05-22 16:32:36','2018-05-22 16:32:36');
INSERT INTO "reviews" ("id","customer","review","star","product_id","created_at","updated_at") VALUES ('38','Hubert Gislason','Voluptas nesciunt quam aut dolorem eius neque quia. Excepturi corrupti est enim et eaque voluptatibus ut. Voluptas nostrum beatae ea saepe incidunt sit non.','5','10','2018-05-22 16:32:36','2018-05-22 16:32:36');
INSERT INTO "reviews" ("id","customer","review","star","product_id","created_at","updated_at") VALUES ('39','Dr. Jayce Brekke MD','Quisquam est molestias illum. Dolores voluptatem vitae quis non. Provident nihil est minus. Accusantium optio qui qui accusantium distinctio quia maiores.','4','4','2018-05-22 16:32:36','2018-05-22 16:32:36');
INSERT INTO "reviews" ("id","customer","review","star","product_id","created_at","updated_at") VALUES ('40','Dr. Adolphus Shanahan','Non quia autem sit. Et non doloremque incidunt quam molestias asperiores quis laudantium. Molestias iusto earum quia aliquid sequi.','5','30','2018-05-22 16:32:36','2018-05-22 16:32:36');
INSERT INTO "reviews" ("id","customer","review","star","product_id","created_at","updated_at") VALUES ('41','Celia Ankunding','Repellat qui vel sint dolor vel incidunt. Aut aut odio quo molestiae fugiat amet ex eaque. Sed id distinctio culpa dicta assumenda.','5','8','2018-05-22 16:32:36','2018-05-22 16:32:36');
INSERT INTO "reviews" ("id","customer","review","star","product_id","created_at","updated_at") VALUES ('42','Carlotta Abernathy','Voluptas impedit maxime dolorem consequatur quia corporis. Repellendus animi voluptate blanditiis.','3','34','2018-05-22 16:32:36','2018-05-22 16:32:36');
INSERT INTO "reviews" ("id","customer","review","star","product_id","created_at","updated_at") VALUES ('43','Haylie Cruickshank','Hic placeat libero dolorem quisquam quas similique. Eius aliquid et eligendi ut fugit molestiae necessitatibus. Aperiam sunt ut enim doloribus.','5','28','2018-05-22 16:32:37','2018-05-22 16:32:37');
INSERT INTO "reviews" ("id","customer","review","star","product_id","created_at","updated_at") VALUES ('44','Mrs. Sadie Considine Jr.','Corporis vitae nam ex quae ullam ullam. Minus dolorem odio est est voluptatem voluptatem modi. A et sit explicabo beatae. Ipsam aperiam architecto soluta eius quia.','5','26','2018-05-22 16:32:37','2018-05-22 16:32:37');
INSERT INTO "reviews" ("id","customer","review","star","product_id","created_at","updated_at") VALUES ('45','Lilly Wunsch','Quo saepe ipsam at commodi eos. Quia et iusto nisi maiores quis consequuntur. Vero harum quibusdam totam.','1','2','2018-05-22 16:32:37','2018-05-22 16:32:37');
INSERT INTO "reviews" ("id","customer","review","star","product_id","created_at","updated_at") VALUES ('46','Mrs. Maye Wyman','Ea facere id quibusdam consequatur fugiat quidem est. Illo consequuntur et architecto pariatur qui soluta repudiandae nostrum. Et quia ea occaecati laborum facilis sapiente omnis et. Fugiat voluptatibus magni consequatur sit.','5','25','2018-05-22 16:32:37','2018-05-22 16:32:37');
INSERT INTO "reviews" ("id","customer","review","star","product_id","created_at","updated_at") VALUES ('47','Ms. Simone Steuber Sr.','Fugit in numquam quis eligendi esse veritatis excepturi autem. Quia iusto sit possimus quia optio. Repellendus ipsam numquam possimus sapiente dolorem id quam est. Excepturi aspernatur ullam doloremque accusantium expedita optio aut.','5','43','2018-05-22 16:32:37','2018-05-22 16:32:37');
INSERT INTO "reviews" ("id","customer","review","star","product_id","created_at","updated_at") VALUES ('48','Joseph Murphy','Dolores earum quae ut ratione et aperiam. Repudiandae quia minus quaerat ratione ipsum. Et officia sapiente voluptatum dolorem aut enim. Aut mollitia labore odio molestias. Non aut quia non labore.','1','17','2018-05-22 16:32:37','2018-05-22 16:32:37');
INSERT INTO "reviews" ("id","customer","review","star","product_id","created_at","updated_at") VALUES ('49','Reece Ledner','Libero eum ut dolor nesciunt autem aperiam quas aut. Excepturi itaque ex temporibus magni. Eos rerum maiores rem aut fugit.','5','7','2018-05-22 16:32:37','2018-05-22 16:32:37');
INSERT INTO "reviews" ("id","customer","review","star","product_id","created_at","updated_at") VALUES ('50','Mrs. Rhea Pfeffer DDS','Molestias sit qui voluptatem quia. Odit porro necessitatibus voluptate architecto. Blanditiis dolore sed eligendi expedita quas omnis odio. Asperiores numquam quae beatae et voluptas. Voluptatem ipsum ab incidunt deleniti laboriosam perferendis delectus.','5','36','2018-05-22 16:32:37','2018-05-22 16:32:37');
INSERT INTO "reviews" ("id","customer","review","star","product_id","created_at","updated_at") VALUES ('51','Cordelia Schneider','Enim provident omnis dolores at. Enim voluptatem expedita harum magni possimus. Vel iusto quos et voluptate eius ut aperiam. Sequi quia eius dicta ipsum.','1','9','2018-05-22 16:32:38','2018-05-22 16:32:38');
INSERT INTO "reviews" ("id","customer","review","star","product_id","created_at","updated_at") VALUES ('52','Dr. Brad Tremblay PhD','Doloribus placeat porro quibusdam ipsam. Facilis dolorem necessitatibus et in non porro iure. Ut enim illo facilis necessitatibus aliquid officia ut. Delectus distinctio voluptatibus autem.','0','46','2018-05-22 16:32:38','2018-05-22 16:32:38');
INSERT INTO "reviews" ("id","customer","review","star","product_id","created_at","updated_at") VALUES ('53','Ivy Quigley Sr.','Omnis deserunt sed nemo et et molestiae minus architecto. Eius ex occaecati molestiae iure ea. Dolores distinctio voluptatem eum ex excepturi eius.','3','7','2018-05-22 16:32:38','2018-05-22 16:32:38');
INSERT INTO "reviews" ("id","customer","review","star","product_id","created_at","updated_at") VALUES ('54','Rashawn Lind','Libero qui omnis distinctio aut. Praesentium est aut minima praesentium cumque. Magni et nulla recusandae est voluptatem ea. Deserunt ut praesentium quia et aut quia.','5','40','2018-05-22 16:32:38','2018-05-22 16:32:38');
INSERT INTO "reviews" ("id","customer","review","star","product_id","created_at","updated_at") VALUES ('55','Kip Altenwerth','Aspernatur aspernatur blanditiis molestiae hic. Vel dolore et aut praesentium vel et quidem quia. Nihil dignissimos sed et voluptatem esse omnis.','0','22','2018-05-22 16:32:38','2018-05-22 16:32:38');
INSERT INTO "reviews" ("id","customer","review","star","product_id","created_at","updated_at") VALUES ('56','Trevion Carroll','Eaque deserunt modi non beatae. Non dolor ullam quia placeat tenetur porro molestias vel. Eius odit ab vel quibusdam. Sint beatae dolore impedit aperiam.','5','24','2018-05-22 16:32:38','2018-05-22 16:32:38');
INSERT INTO "reviews" ("id","customer","review","star","product_id","created_at","updated_at") VALUES ('57','Ms. Myrtie Lemke','Voluptatem aut debitis et ea. Sed omnis ullam deserunt autem eaque est. Hic vero hic rerum.','0','34','2018-05-22 16:32:38','2018-05-22 16:32:38');
INSERT INTO "reviews" ("id","customer","review","star","product_id","created_at","updated_at") VALUES ('58','Frederique Moore','Beatae beatae aut laborum hic deserunt quia. Nulla suscipit delectus maxime nulla qui. Provident impedit aliquam ut temporibus et. Nisi voluptatem dolorem ab et quod et.','3','36','2018-05-22 16:32:39','2018-05-22 16:32:39');
INSERT INTO "reviews" ("id","customer","review","star","product_id","created_at","updated_at") VALUES ('59','Mrs. Otilia Bailey V','Sit et nemo ducimus atque voluptatem in occaecati. Asperiores veniam assumenda dicta aliquam rerum quos ipsam. Assumenda saepe soluta maiores distinctio dolorum praesentium quaerat. Qui accusantium voluptatem enim et.','0','43','2018-05-22 16:32:39','2018-05-22 16:32:39');
INSERT INTO "reviews" ("id","customer","review","star","product_id","created_at","updated_at") VALUES ('60','Lelah Bradtke','Repudiandae vitae aliquid iste autem. Impedit culpa cum occaecati nam.','3','45','2018-05-22 16:32:39','2018-05-22 16:32:39');
INSERT INTO "reviews" ("id","customer","review","star","product_id","created_at","updated_at") VALUES ('61','Aiden Ondricka','Deserunt aut dignissimos esse inventore accusamus. Harum molestiae reiciendis dolorem nihil ad voluptatibus ut et. Rem aliquam corporis dolorem ipsam. Praesentium blanditiis totam natus commodi rem et.','1','31','2018-05-22 16:32:39','2018-05-22 16:32:39');
INSERT INTO "reviews" ("id","customer","review","star","product_id","created_at","updated_at") VALUES ('62','Devon Rowe','Reiciendis asperiores consequuntur delectus. Ea voluptates saepe blanditiis sunt quaerat blanditiis. Reiciendis iusto enim incidunt quos et. Est deserunt atque aut aut odit.','0','36','2018-05-22 16:32:39','2018-05-22 16:32:39');
INSERT INTO "reviews" ("id","customer","review","star","product_id","created_at","updated_at") VALUES ('63','Saul Hand Jr.','Voluptate est sit quod iste qui reiciendis ea. Ea et dignissimos maiores architecto repellat. Tempora occaecati dolor rem. Nihil explicabo totam qui voluptatibus quibusdam.','1','16','2018-05-22 16:32:39','2018-05-22 16:32:39');
INSERT INTO "reviews" ("id","customer","review","star","product_id","created_at","updated_at") VALUES ('64','Candace Berge','Rerum nam impedit et iste a aut. Distinctio tempora quaerat rerum sequi animi architecto et. Laudantium laborum sint sequi ullam eaque ut laudantium. Eius soluta ad ducimus perferendis magni sed.','5','11','2018-05-22 16:32:39','2018-05-22 16:32:39');
INSERT INTO "reviews" ("id","customer","review","star","product_id","created_at","updated_at") VALUES ('65','Madison Emmerich Jr.','Sed velit eos dignissimos inventore adipisci voluptates. Necessitatibus error aut repudiandae et quo totam. Similique a ratione veritatis est enim autem aut. Nemo provident at ea culpa.','3','15','2018-05-22 16:32:40','2018-05-22 16:32:40');
INSERT INTO "reviews" ("id","customer","review","star","product_id","created_at","updated_at") VALUES ('66','Dr. Nolan Jacobson Sr.','Repellat corrupti eos sapiente nemo delectus perferendis. Quidem cum ad delectus exercitationem. Voluptas exercitationem soluta occaecati qui sed voluptates itaque. At voluptas vitae quo ut reiciendis quaerat.','0','5','2018-05-22 16:32:40','2018-05-22 16:32:40');
INSERT INTO "reviews" ("id","customer","review","star","product_id","created_at","updated_at") VALUES ('67','Keon Hermiston MD','Ut nam pariatur consequatur culpa. Et qui fugiat quo minima. Blanditiis est excepturi qui rem dignissimos adipisci. Consequatur quibusdam eos quae iure recusandae omnis possimus.','5','29','2018-05-22 16:32:40','2018-05-22 16:32:40');
INSERT INTO "reviews" ("id","customer","review","star","product_id","created_at","updated_at") VALUES ('68','Raheem Sauer','In aliquam et laborum quam consequuntur sunt odit labore. Modi odit voluptates quis culpa hic placeat necessitatibus doloremque.','4','42','2018-05-22 16:32:40','2018-05-22 16:32:40');
INSERT INTO "reviews" ("id","customer","review","star","product_id","created_at","updated_at") VALUES ('69','Vesta Hamill','In est id et eum. Perspiciatis ducimus cum saepe. Porro consequatur ab ea qui debitis aliquid doloremque.','0','9','2018-05-22 16:32:40','2018-05-22 16:32:40');
INSERT INTO "reviews" ("id","customer","review","star","product_id","created_at","updated_at") VALUES ('70','Prof. Dagmar Ziemann I','Alias nihil eius non. Culpa non officia et architecto et modi. Sunt inventore minima vero autem possimus non laboriosam. Voluptatem sequi in ea laborum ipsa ad.','5','33','2018-05-22 16:32:40','2018-05-22 16:32:40');
INSERT INTO "reviews" ("id","customer","review","star","product_id","created_at","updated_at") VALUES ('71','Guiseppe Hilll I','Velit quod est iure omnis at. Debitis fugit aut quas cupiditate dolorem. Est et quia est rerum quod eum fugiat. Aut id voluptatem quas eveniet. Cum recusandae minus eum et accusamus ea.','4','39','2018-05-22 16:32:41','2018-05-22 16:32:41');
INSERT INTO "reviews" ("id","customer","review","star","product_id","created_at","updated_at") VALUES ('72','Delores Casper','Qui placeat totam maxime earum. Eveniet occaecati illum sunt enim sunt soluta. Et ea corrupti quis hic a. Accusantium nihil eum quae consequatur repellendus iure iure.','5','17','2018-05-22 16:32:41','2018-05-22 16:32:41');
INSERT INTO "reviews" ("id","customer","review","star","product_id","created_at","updated_at") VALUES ('73','Dr. Jennings Daugherty Jr.','Eum dignissimos aut sequi. Accusamus nemo molestiae dolor culpa optio doloremque. Alias culpa accusantium nulla vel est sint. Veritatis qui dolores consectetur voluptas aperiam animi.','4','45','2018-05-22 16:32:41','2018-05-22 16:32:41');
INSERT INTO "reviews" ("id","customer","review","star","product_id","created_at","updated_at") VALUES ('74','Therese Gutkowski Sr.','Esse eius ducimus et. Quasi ut qui ut dolores at illo ratione. Fugit dolores sit eos quae velit eos explicabo.','0','19','2018-05-22 16:32:41','2018-05-22 16:32:41');
INSERT INTO "reviews" ("id","customer","review","star","product_id","created_at","updated_at") VALUES ('75','Mrs. Kiarra Brekke','Sint corporis quo aut iure impedit nesciunt assumenda. Aut voluptatem fuga sunt nesciunt. Modi itaque quasi inventore asperiores.','1','29','2018-05-22 16:32:41','2018-05-22 16:32:41');
INSERT INTO "reviews" ("id","customer","review","star","product_id","created_at","updated_at") VALUES ('76','Leopoldo Grimes','Sint eveniet reprehenderit natus non. Voluptatibus ullam dolor porro culpa. Qui hic voluptas et sapiente dolor. Sunt ea modi qui iusto. Aut esse ut voluptatum ipsum soluta sit voluptatibus.','3','4','2018-05-22 16:32:41','2018-05-22 16:32:41');
INSERT INTO "reviews" ("id","customer","review","star","product_id","created_at","updated_at") VALUES ('77','Woodrow Kris','Est quo deleniti quisquam amet est quo consectetur. A animi et ut sed velit vitae.','5','37','2018-05-22 16:32:42','2018-05-22 16:32:42');
INSERT INTO "reviews" ("id","customer","review","star","product_id","created_at","updated_at") VALUES ('78','Valerie Murazik','Consequatur sit qui nesciunt voluptatem maxime molestiae. Unde sunt eos quam aut quo. Et soluta quo aut nam.','2','32','2018-05-22 16:32:42','2018-05-22 16:32:42');
INSERT INTO "reviews" ("id","customer","review","star","product_id","created_at","updated_at") VALUES ('79','Mallory Rosenbaum','Quisquam veniam id id. Distinctio repudiandae quia architecto eos. Placeat tempore inventore modi neque error aut repellat amet. Voluptates ut omnis nisi vel beatae voluptatem dolor voluptatibus.','1','35','2018-05-22 16:32:42','2018-05-22 16:32:42');
INSERT INTO "reviews" ("id","customer","review","star","product_id","created_at","updated_at") VALUES ('80','Janae Halvorson II','Autem nemo aut recusandae dolorem corrupti aut. Ut velit et voluptas omnis error. Aliquid culpa voluptatem vel optio ex iure.','2','31','2018-05-22 16:32:42','2018-05-22 16:32:42');
INSERT INTO "reviews" ("id","customer","review","star","product_id","created_at","updated_at") VALUES ('81','Dr. Henderson Greenholt','Voluptatem ipsum modi quia. Ducimus corporis rerum expedita. Vel ducimus cumque exercitationem et.','3','11','2018-05-22 16:32:42','2018-05-22 16:32:42');
INSERT INTO "reviews" ("id","customer","review","star","product_id","created_at","updated_at") VALUES ('82','Dr. Tremayne Ryan DVM','Praesentium nostrum aut sint repellat molestiae quia voluptatem. Voluptate saepe veniam facere totam.','0','32','2018-05-22 16:32:42','2018-05-22 16:32:42');
INSERT INTO "reviews" ("id","customer","review","star","product_id","created_at","updated_at") VALUES ('83','Ms. Caterina Skiles','Animi temporibus ut aut qui exercitationem. Autem quasi optio nostrum ut dolorum. Rerum sapiente quis et maiores soluta similique porro. Velit quae aut provident dolorem doloribus officiis. Non aliquam ex similique id.','1','41','2018-05-22 16:32:42','2018-05-22 16:32:42');
INSERT INTO "reviews" ("id","customer","review","star","product_id","created_at","updated_at") VALUES ('84','Maxie Streich','Consequuntur et eos suscipit voluptatem sit omnis ab. Ut optio cum quia aliquam amet. Rerum non nihil aut repudiandae similique.','3','22','2018-05-22 16:32:43','2018-05-22 16:32:43');
INSERT INTO "reviews" ("id","customer","review","star","product_id","created_at","updated_at") VALUES ('85','Jazlyn Berge','Tempore perspiciatis dolorem dolorem libero. Et alias praesentium ipsum impedit aut eaque. Animi et quisquam ipsam sit. Et necessitatibus consequatur quam sint quisquam velit. Sint nulla molestias laboriosam nulla veniam.','2','16','2018-05-22 16:32:43','2018-05-22 16:32:43');
INSERT INTO "reviews" ("id","customer","review","star","product_id","created_at","updated_at") VALUES ('86','Talon Keeling','Voluptas et animi aut neque alias possimus. Aut nulla illum iste ut quidem in nihil. Et accusamus et necessitatibus.','3','42','2018-05-22 16:32:43','2018-05-22 16:32:43');
INSERT INTO "reviews" ("id","customer","review","star","product_id","created_at","updated_at") VALUES ('87','Johnpaul O''Kon','Est non suscipit et eos dolorum vitae expedita. Et vero laborum sequi ipsa vitae quas error magni. Error modi deleniti in quia a laudantium.','1','25','2018-05-22 16:32:43','2018-05-22 16:32:43');
INSERT INTO "reviews" ("id","customer","review","star","product_id","created_at","updated_at") VALUES ('88','Magnolia Considine','Impedit consectetur a laboriosam quod pariatur odit. Id ipsa sunt perferendis. Earum ut omnis adipisci iusto. Odio doloremque explicabo totam distinctio est delectus. Unde et inventore quo placeat inventore porro culpa.','2','44','2018-05-22 16:32:43','2018-05-22 16:32:43');
INSERT INTO "reviews" ("id","customer","review","star","product_id","created_at","updated_at") VALUES ('89','Prof. Stewart Padberg II','Laudantium aut totam neque ratione qui cum. Enim ipsum aut fugiat quaerat. Error nulla quibusdam temporibus vel.','2','16','2018-05-22 16:32:43','2018-05-22 16:32:43');
INSERT INTO "reviews" ("id","customer","review","star","product_id","created_at","updated_at") VALUES ('90','Wilhelm Bosco','Voluptatum et temporibus sunt maxime illum et. Iusto tenetur est totam soluta. Nam voluptas dicta est. Eligendi qui iste consequuntur veniam et dignissimos.','0','47','2018-05-22 16:32:44','2018-05-22 16:32:44');
INSERT INTO "reviews" ("id","customer","review","star","product_id","created_at","updated_at") VALUES ('91','Mina Kessler V','Magni praesentium voluptate veritatis itaque sint. Voluptatem odit voluptates aut sed debitis. Et ut neque quas magnam libero natus eum.','3','35','2018-05-22 16:32:44','2018-05-22 16:32:44');
INSERT INTO "reviews" ("id","customer","review","star","product_id","created_at","updated_at") VALUES ('92','Paula Abbott DDS','Et eos vero ut ea dolor. Alias facere quae facere consequatur delectus et sint. Natus consequatur magni quia praesentium qui iste. Maiores sapiente possimus rerum quos maiores.','3','19','2018-05-22 16:32:44','2018-05-22 16:32:44');
INSERT INTO "reviews" ("id","customer","review","star","product_id","created_at","updated_at") VALUES ('93','Amos Ullrich PhD','Earum nostrum voluptatum nihil consectetur officiis. Occaecati ducimus odit aliquam et. Repudiandae tempora est qui totam culpa consequuntur.','2','48','2018-05-22 16:32:44','2018-05-22 16:32:44');
INSERT INTO "reviews" ("id","customer","review","star","product_id","created_at","updated_at") VALUES ('94','Ervin Larson','Ratione reiciendis sit iusto deleniti repellat animi. Fugit ullam est voluptates mollitia sapiente similique omnis. Rerum reprehenderit amet rerum omnis molestiae in.','0','13','2018-05-22 16:32:44','2018-05-22 16:32:44');
INSERT INTO "reviews" ("id","customer","review","star","product_id","created_at","updated_at") VALUES ('95','Prof. Ramona Smitham MD','Minus quae sit ut sint et nobis ea. Libero temporibus eveniet ducimus repudiandae blanditiis porro nesciunt. Tempore temporibus rem ut distinctio tenetur et autem. Aut illum qui pariatur sunt vitae sunt quo.','4','23','2018-05-22 16:32:44','2018-05-22 16:32:44');
INSERT INTO "reviews" ("id","customer","review","star","product_id","created_at","updated_at") VALUES ('96','Royce Bahringer IV','Odit ut unde fugit in. Ut eos rerum ratione et magnam sed. Sed consequatur aut quia ut ratione voluptatum et. Veritatis rerum numquam soluta repellendus nisi tempore ut.','0','21','2018-05-22 16:32:44','2018-05-22 16:32:44');
INSERT INTO "reviews" ("id","customer","review","star","product_id","created_at","updated_at") VALUES ('97','Makayla Shanahan','Voluptatem aperiam saepe molestiae voluptatem et recusandae. Tempora repellendus ex perspiciatis modi omnis ducimus. Recusandae dolor est id est dolor repellat ducimus.','2','47','2018-05-22 16:32:45','2018-05-22 16:32:45');
INSERT INTO "reviews" ("id","customer","review","star","product_id","created_at","updated_at") VALUES ('98','Prof. Seth Bradtke','Cum vel inventore non quo voluptates laboriosam. Quis nesciunt et voluptas voluptate iste recusandae. Voluptas ipsam autem eius recusandae iste quo omnis.','1','47','2018-05-22 16:32:45','2018-05-22 16:32:45');
INSERT INTO "reviews" ("id","customer","review","star","product_id","created_at","updated_at") VALUES ('99','Geovany Ward Sr.','Nesciunt omnis repellat et. Rerum molestiae provident veniam vitae quo.','3','7','2018-05-22 16:32:45','2018-05-22 16:32:45');
INSERT INTO "reviews" ("id","customer","review","star","product_id","created_at","updated_at") VALUES ('100','Dr. Lisandro Lang','Maxime sint beatae nobis et et minus. Numquam cupiditate esse nam occaecati ad voluptas. Voluptas sunt reiciendis ut sunt explicabo nihil. Eveniet deserunt a inventore suscipit.','0','24','2018-05-22 16:32:45','2018-05-22 16:32:45');
INSERT INTO "reviews" ("id","customer","review","star","product_id","created_at","updated_at") VALUES ('101','Monty O''Conner III','Ullam sit doloribus ipsam et enim commodi. Illo velit deserunt id. Enim delectus fugit veritatis. Voluptas quia ut vel aut aut explicabo illum.','0','47','2018-05-22 16:32:45','2018-05-22 16:32:45');
INSERT INTO "reviews" ("id","customer","review","star","product_id","created_at","updated_at") VALUES ('102','Mrs. Whitney Terry V','Aspernatur pariatur voluptas facere. Sequi dignissimos autem aut praesentium rerum et tenetur qui. Voluptatem recusandae soluta minus dignissimos nostrum culpa. Rerum tenetur voluptatem maxime est delectus eum.','4','22','2018-05-22 16:32:45','2018-05-22 16:32:45');
INSERT INTO "reviews" ("id","customer","review","star","product_id","created_at","updated_at") VALUES ('103','Julianne Hoppe Sr.','Sed dolorem facilis dolorem illum omnis dolorum. Qui in illum magni non sit cumque.','2','30','2018-05-22 16:32:46','2018-05-22 16:32:46');
INSERT INTO "reviews" ("id","customer","review","star","product_id","created_at","updated_at") VALUES ('104','Jasper Mraz','Repellendus repudiandae voluptate corporis enim ea ipsum. Nisi eveniet neque ut et consectetur in ut. Dicta vitae molestias neque quasi quo non officia. Tenetur alias temporibus labore.','2','43','2018-05-22 16:32:46','2018-05-22 16:32:46');
INSERT INTO "reviews" ("id","customer","review","star","product_id","created_at","updated_at") VALUES ('105','Skylar Dickens','Et dolorem voluptatem officia sunt error. Eius alias vero nulla tempora dolores nihil vel eum. Doloribus et rerum aut maiores nulla.','4','2','2018-05-22 16:32:46','2018-05-22 16:32:46');
INSERT INTO "reviews" ("id","customer","review","star","product_id","created_at","updated_at") VALUES ('106','Dr. Clovis Rice','Non sit beatae perspiciatis amet suscipit perspiciatis porro. Est ut dolor in illo quisquam repellendus. Iure ut molestiae ad ad rerum veniam. Nisi magni nihil et doloremque blanditiis et.','2','37','2018-05-22 16:32:46','2018-05-22 16:32:46');
INSERT INTO "reviews" ("id","customer","review","star","product_id","created_at","updated_at") VALUES ('107','Humberto Connelly','Dolor nam asperiores laudantium laborum odit aliquam. Dolorem sequi dolores non sed. Aut in quae iste itaque pariatur. Quia dicta repudiandae et cumque ratione quaerat et. Dolor velit at quis expedita perferendis repellendus id.','4','44','2018-05-22 16:32:46','2018-05-22 16:32:46');
INSERT INTO "reviews" ("id","customer","review","star","product_id","created_at","updated_at") VALUES ('108','Beatrice McLaughlin','Voluptas alias rem nisi delectus soluta iste. Omnis corporis repudiandae doloribus provident earum qui facilis. Voluptates sed ducimus ullam animi voluptas et maxime quaerat. Occaecati est iusto non aperiam voluptates reprehenderit dolores aspernatur. Blanditiis sint corporis sunt facere.','5','13','2018-05-22 16:32:46','2018-05-22 16:32:46');
INSERT INTO "reviews" ("id","customer","review","star","product_id","created_at","updated_at") VALUES ('109','Troy Fahey','Maiores sunt vel quo a autem. Qui rerum voluptatem et tempore eos repellat. Architecto nulla atque sunt voluptatem atque voluptatibus ipsa. Optio consequuntur voluptas quo. Neque et quae delectus necessitatibus quod aut.','0','10','2018-05-22 16:32:46','2018-05-22 16:32:46');
INSERT INTO "reviews" ("id","customer","review","star","product_id","created_at","updated_at") VALUES ('110','Genevieve Wilkinson','Aut qui voluptas deserunt earum eveniet. Incidunt quas id dignissimos consequatur repellendus. Ut nihil laborum iusto in ipsum. Consequatur modi repellendus doloremque culpa est rerum.','0','15','2018-05-22 16:32:46','2018-05-22 16:32:46');
INSERT INTO "reviews" ("id","customer","review","star","product_id","created_at","updated_at") VALUES ('111','Abigale Wilderman','Aut voluptates quo exercitationem tenetur quia. Sunt temporibus voluptate deserunt voluptas dicta ea.','0','5','2018-05-22 16:32:47','2018-05-22 16:32:47');
INSERT INTO "reviews" ("id","customer","review","star","product_id","created_at","updated_at") VALUES ('112','Adrien Graham','Consequatur voluptatem tenetur et amet ratione. Et alias distinctio ut explicabo quasi ipsum nulla. Accusantium quasi est exercitationem sint repudiandae.','3','32','2018-05-22 16:32:47','2018-05-22 16:32:47');
INSERT INTO "reviews" ("id","customer","review","star","product_id","created_at","updated_at") VALUES ('113','Maximillia Hane','Aut nisi velit modi similique id quo corrupti. Totam dignissimos sunt quibusdam amet ipsam dolores. Eos corporis quo sit eos est dicta laudantium. Et dolores nostrum voluptatem est.','0','13','2018-05-22 16:32:47','2018-05-22 16:32:47');
INSERT INTO "reviews" ("id","customer","review","star","product_id","created_at","updated_at") VALUES ('114','Mr. Ismael Koss','Reiciendis eos aliquid commodi et consequatur. Nemo ab sint impedit et consectetur commodi occaecati id. Accusamus distinctio rerum occaecati. Modi blanditiis quia est nemo ullam voluptatem.','0','31','2018-05-22 16:32:47','2018-05-22 16:32:47');
INSERT INTO "reviews" ("id","customer","review","star","product_id","created_at","updated_at") VALUES ('115','Bette Nikolaus Jr.','Nobis tempore voluptas corrupti dicta. Voluptatum dolor est natus placeat voluptatum molestiae. Rerum et adipisci quisquam et.','2','26','2018-05-22 16:32:47','2018-05-22 16:32:47');
INSERT INTO "reviews" ("id","customer","review","star","product_id","created_at","updated_at") VALUES ('116','Mr. Barton Tillman PhD','Expedita vel perspiciatis facilis maiores sint voluptatem enim quisquam. Voluptas amet nisi est esse. Temporibus repellendus in sit consectetur. Magnam et est perferendis dolores.','4','20','2018-05-22 16:32:47','2018-05-22 16:32:47');
INSERT INTO "reviews" ("id","customer","review","star","product_id","created_at","updated_at") VALUES ('117','Prof. Rod Bosco DVM','Vitae velit molestiae quia modi dolor nostrum. Saepe sapiente et est est quis nobis et. Sint neque officiis illum.','0','38','2018-05-22 16:32:48','2018-05-22 16:32:48');
INSERT INTO "reviews" ("id","customer","review","star","product_id","created_at","updated_at") VALUES ('118','Fritz Langosh','Laboriosam perferendis sit et consequuntur illo dicta qui. Provident labore quam qui vel dolorem reprehenderit. Rerum ipsa minus perferendis.','4','48','2018-05-22 16:32:48','2018-05-22 16:32:48');
INSERT INTO "reviews" ("id","customer","review","star","product_id","created_at","updated_at") VALUES ('119','Andres Sipes','Aut vitae temporibus soluta. Reprehenderit dolores dolorem illo itaque voluptatem deleniti reiciendis. Et ea est suscipit.','0','17','2018-05-22 16:32:48','2018-05-22 16:32:48');
INSERT INTO "reviews" ("id","customer","review","star","product_id","created_at","updated_at") VALUES ('120','Mrs. Allene Mayer','Blanditiis commodi velit minus aliquid rerum. Eos nobis porro numquam unde et odit voluptas. Vero alias praesentium at sed ad. Officia nostrum sed enim eveniet.','5','2','2018-05-22 16:32:48','2018-05-22 16:32:48');
INSERT INTO "reviews" ("id","customer","review","star","product_id","created_at","updated_at") VALUES ('121','Miss Justine Kris','Sunt qui dolor quidem explicabo asperiores tenetur. Omnis beatae et sit voluptatem magni laborum ut. Vitae et possimus voluptatum ab eaque error sit. Aut optio qui nemo at voluptate et cupiditate. Nesciunt sint autem ipsam impedit est quos.','1','2','2018-05-22 16:32:48','2018-05-22 16:32:48');
INSERT INTO "reviews" ("id","customer","review","star","product_id","created_at","updated_at") VALUES ('122','Danika McKenzie','Eaque qui veritatis adipisci rerum omnis dolorem sed. Explicabo delectus similique nihil quo doloribus est consequatur excepturi. Quasi hic est quaerat voluptate in nesciunt quo consequatur. Rerum voluptatem ab magni perferendis architecto qui repudiandae.','0','25','2018-05-22 16:32:48','2018-05-22 16:32:48');
INSERT INTO "reviews" ("id","customer","review","star","product_id","created_at","updated_at") VALUES ('123','Lorenza Metz','Consequatur laborum ducimus odio nulla nihil sapiente autem minus. Corporis natus qui fugiat. Molestiae ut est qui modi molestiae deserunt.','0','20','2018-05-22 16:32:48','2018-05-22 16:32:48');
INSERT INTO "reviews" ("id","customer","review","star","product_id","created_at","updated_at") VALUES ('124','Mireya Cormier','Sint consequatur possimus commodi expedita sunt ut. Qui incidunt odit fugit ut deleniti ut. Quis totam ipsam et reiciendis omnis. Illo sit qui qui velit officiis consequatur est.','1','14','2018-05-22 16:32:49','2018-05-22 16:32:49');
INSERT INTO "reviews" ("id","customer","review","star","product_id","created_at","updated_at") VALUES ('125','Mrs. Dawn Johnson','Molestiae hic enim et quis. Aut odit iure adipisci iusto eligendi adipisci eum natus. Vero qui laborum optio dignissimos ut sint. Delectus officiis dolores quia repellat distinctio est quo. Quasi deserunt in voluptate harum in iure.','5','38','2018-05-22 16:32:49','2018-05-22 16:32:49');
INSERT INTO "reviews" ("id","customer","review","star","product_id","created_at","updated_at") VALUES ('126','Wava Christiansen','Voluptatem voluptate in sit reprehenderit illum ut. Et blanditiis omnis perferendis. Laborum sint rerum quia tenetur similique temporibus maxime. Tempore error quisquam non impedit cum natus voluptatibus.','5','26','2018-05-22 16:32:49','2018-05-22 16:32:49');
INSERT INTO "reviews" ("id","customer","review","star","product_id","created_at","updated_at") VALUES ('127','Felton Wehner','Placeat quis quia fugit dolore placeat. Dolor aut soluta tempora hic officia adipisci.','5','7','2018-05-22 16:32:49','2018-05-22 16:32:49');
INSERT INTO "reviews" ("id","customer","review","star","product_id","created_at","updated_at") VALUES ('128','Claudie Ferry','Officiis neque assumenda in quia harum nisi possimus. Modi et rem et voluptates recusandae. Consequuntur et incidunt tempora unde et dolorem eos.','5','46','2018-05-22 16:32:49','2018-05-22 16:32:49');
INSERT INTO "reviews" ("id","customer","review","star","product_id","created_at","updated_at") VALUES ('129','Jeanne Aufderhar','Eius recusandae molestiae sunt sint eveniet ducimus. Dolores magni sed dolore consequatur praesentium necessitatibus ut expedita. Totam veritatis voluptas voluptatum repellat a voluptas itaque aspernatur. Velit laudantium minima voluptatem.','2','35','2018-05-22 16:32:49','2018-05-22 16:32:49');
INSERT INTO "reviews" ("id","customer","review","star","product_id","created_at","updated_at") VALUES ('130','Colin Considine','Provident autem dolor omnis voluptatem voluptatem. Id eveniet libero et ipsum magnam. Et enim mollitia earum non quo id. Veritatis voluptas odit quo dolores earum.','5','38','2018-05-22 16:32:50','2018-05-22 16:32:50');
INSERT INTO "reviews" ("id","customer","review","star","product_id","created_at","updated_at") VALUES ('131','Dr. Eula Reilly Sr.','Ducimus molestiae delectus itaque aut labore laboriosam aspernatur. Quas voluptatibus officia quae quibusdam dolor natus fugit. Dolorum sit debitis consequuntur reprehenderit nihil accusantium laborum. Maiores minima nobis nesciunt quis excepturi sed rerum.','3','21','2018-05-22 16:32:50','2018-05-22 16:32:50');
INSERT INTO "reviews" ("id","customer","review","star","product_id","created_at","updated_at") VALUES ('132','Dr. Chadrick Funk II','Ab quo voluptate impedit reprehenderit nihil. Aut amet veniam excepturi et incidunt. Error deserunt maxime accusamus.','2','43','2018-05-22 16:32:50','2018-05-22 16:32:50');
INSERT INTO "reviews" ("id","customer","review","star","product_id","created_at","updated_at") VALUES ('133','Marianna Doyle','Laboriosam qui voluptates impedit rerum. Nobis perferendis veniam suscipit unde qui voluptatibus. Animi repellendus adipisci ut qui deleniti facilis.','4','9','2018-05-22 16:32:50','2018-05-22 16:32:50');
INSERT INTO "reviews" ("id","customer","review","star","product_id","created_at","updated_at") VALUES ('134','Viola Cormier','Quo assumenda assumenda qui consequatur est. Sit et voluptatem est atque veniam et dicta. Iure modi esse consequatur vero quas et quasi. Maxime quod sed impedit non ea sit earum et.','0','5','2018-05-22 16:32:50','2018-05-22 16:32:50');
INSERT INTO "reviews" ("id","customer","review","star","product_id","created_at","updated_at") VALUES ('135','Brandyn Ortiz','Doloribus temporibus autem ut velit minima voluptatem. Omnis neque ad voluptatibus porro.','3','22','2018-05-22 16:32:50','2018-05-22 16:32:50');
INSERT INTO "reviews" ("id","customer","review","star","product_id","created_at","updated_at") VALUES ('136','Sydnie Bartoletti','Occaecati et impedit sed. Velit vel consequatur ratione voluptatibus eaque id asperiores. Doloremque et eos nemo neque exercitationem atque sequi.','3','29','2018-05-22 16:32:50','2018-05-22 16:32:50');
INSERT INTO "reviews" ("id","customer","review","star","product_id","created_at","updated_at") VALUES ('137','Miss Onie Boehm DDS','Consectetur voluptatibus quidem quibusdam rerum sit. Illum dolorem provident voluptas provident. Placeat unde sint officia quaerat sunt dolor.','0','25','2018-05-22 16:32:51','2018-05-22 16:32:51');
INSERT INTO "reviews" ("id","customer","review","star","product_id","created_at","updated_at") VALUES ('138','Brain Champlin','Itaque dolore omnis pariatur voluptas. Tenetur facere soluta dolor sed in magnam. Nihil enim iste mollitia et earum. Nam beatae labore soluta aspernatur quos consectetur. Iste voluptatem possimus et perferendis deleniti.','1','8','2018-05-22 16:32:51','2018-05-22 16:32:51');
INSERT INTO "reviews" ("id","customer","review","star","product_id","created_at","updated_at") VALUES ('139','Jess Fadel','Harum at quod dolorem necessitatibus eum eveniet. Omnis expedita ab id et. Aut accusantium praesentium dolores. At quos dolor asperiores hic molestiae repellat nesciunt vel.','2','22','2018-05-22 16:32:51','2018-05-22 16:32:51');
INSERT INTO "reviews" ("id","customer","review","star","product_id","created_at","updated_at") VALUES ('140','Richmond Schinner','Magni eum saepe enim accusantium. Facere hic accusamus eum omnis et iure corrupti molestiae. Hic maxime repudiandae aliquid est eum aut laborum. Ad ratione hic voluptatem labore laborum.','1','28','2018-05-22 16:32:51','2018-05-22 16:32:51');
INSERT INTO "reviews" ("id","customer","review","star","product_id","created_at","updated_at") VALUES ('141','Ottilie Moen DDS','Assumenda occaecati qui quia. Et molestias ipsam neque aut. Aliquam molestiae sint dolore eum quod. Nam repudiandae debitis porro rerum voluptas nihil.','1','13','2018-05-22 16:32:51','2018-05-22 16:32:51');
INSERT INTO "reviews" ("id","customer","review","star","product_id","created_at","updated_at") VALUES ('142','Prof. Ophelia Ferry PhD','Error aliquid aliquid temporibus aut eos vel et. Non tempora sed ut similique doloremque nostrum. Quis labore ut qui odit fugit optio.','4','11','2018-05-22 16:32:51','2018-05-22 16:32:51');
INSERT INTO "reviews" ("id","customer","review","star","product_id","created_at","updated_at") VALUES ('143','Jade Gleichner','Commodi recusandae occaecati eum aut sit enim eligendi. Quaerat ipsa totam blanditiis et voluptas aspernatur quas.','1','43','2018-05-22 16:32:52','2018-05-22 16:32:52');
INSERT INTO "reviews" ("id","customer","review","star","product_id","created_at","updated_at") VALUES ('144','Dakota Lebsack','Quas itaque rem consequuntur dicta asperiores. Eligendi quo totam consequatur temporibus est accusantium ut. Aliquid doloribus odio vel dolor explicabo inventore aut alias. Aut provident dolor autem reiciendis non possimus nulla. Commodi ut placeat saepe voluptatum dolorem.','3','29','2018-05-22 16:32:52','2018-05-22 16:32:52');
INSERT INTO "reviews" ("id","customer","review","star","product_id","created_at","updated_at") VALUES ('145','Miss Alysha Jerde','Sint aperiam dolores nostrum illo. Quos excepturi magnam dolores natus. Neque et ut dolor ut quibusdam. Quas ipsum exercitationem aspernatur blanditiis.','5','8','2018-05-22 16:32:52','2018-05-22 16:32:52');
INSERT INTO "reviews" ("id","customer","review","star","product_id","created_at","updated_at") VALUES ('146','Dr. Phyllis Littel','Repellendus labore sapiente veritatis porro est. Iste ut ut voluptatibus nam. Consequatur ut debitis quia facilis voluptatem neque eaque voluptatem.','3','35','2018-05-22 16:32:52','2018-05-22 16:32:52');
INSERT INTO "reviews" ("id","customer","review","star","product_id","created_at","updated_at") VALUES ('147','Jairo Goldner','Doloribus autem laboriosam velit tempore corrupti reprehenderit. Molestias et possimus velit harum et animi sint.','1','3','2018-05-22 16:32:52','2018-05-22 16:32:52');
INSERT INTO "reviews" ("id","customer","review","star","product_id","created_at","updated_at") VALUES ('148','Meaghan Crist','Eius ut esse et necessitatibus deserunt ab omnis. Nulla dignissimos reiciendis recusandae in facilis. Ea omnis doloribus sequi cupiditate culpa et. Deleniti perferendis fugit atque dolore.','3','35','2018-05-22 16:32:52','2018-05-22 16:32:52');
INSERT INTO "reviews" ("id","customer","review","star","product_id","created_at","updated_at") VALUES ('149','Vince Bernhard','Minima accusantium impedit quidem quod aut quia veritatis odio. Quaerat quo cupiditate vel qui aut libero ad quo. Tenetur provident corrupti eius id.','1','39','2018-05-22 16:32:52','2018-05-22 16:32:52');
INSERT INTO "reviews" ("id","customer","review","star","product_id","created_at","updated_at") VALUES ('150','Scottie Vandervort','Ad ut consequatur saepe est sit necessitatibus. Maxime aliquam rem tempora soluta. Autem at rerum minima id. Totam commodi autem vitae quae harum.','1','5','2018-05-22 16:32:53','2018-05-22 16:32:53');
INSERT INTO "reviews" ("id","customer","review","star","product_id","created_at","updated_at") VALUES ('151','Prof. Maximus Hoppe IV','Officiis temporibus rem officia. Iste illo laudantium mollitia consequuntur possimus facere et.','1','31','2018-05-22 16:32:53','2018-05-22 16:32:53');
INSERT INTO "reviews" ("id","customer","review","star","product_id","created_at","updated_at") VALUES ('152','Miss Lacey Tremblay IV','Culpa officia in eligendi praesentium. Explicabo aspernatur ipsa aliquid deleniti adipisci animi. Dignissimos voluptatem non quis deserunt.','0','18','2018-05-22 16:32:53','2018-05-22 16:32:53');
INSERT INTO "reviews" ("id","customer","review","star","product_id","created_at","updated_at") VALUES ('153','Ms. Alaina Terry','Iste aut ea maxime tenetur inventore. Dolor minus eos quia voluptatem adipisci. Rerum quos sequi provident sed et fugit sunt sed. Sapiente aspernatur eaque omnis est aut. Asperiores cupiditate impedit dolorem sit similique.','3','1','2018-05-22 16:32:53','2018-05-22 16:32:53');
INSERT INTO "reviews" ("id","customer","review","star","product_id","created_at","updated_at") VALUES ('154','Betty Quitzon','Nisi et eum atque error ab ut. Sapiente repellat ut nam repellat qui soluta. Ea aut officia commodi et doloremque esse. Deleniti esse dicta facere quia earum quibusdam fugiat. Qui aut deserunt molestias id consequuntur cupiditate consectetur voluptatem.','2','29','2018-05-22 16:32:53','2018-05-22 16:32:53');
INSERT INTO "reviews" ("id","customer","review","star","product_id","created_at","updated_at") VALUES ('155','Tomasa Dicki','Et quaerat autem nobis voluptates quas. Enim rerum consequatur ut in ea asperiores aut. Non ut deleniti assumenda aut. Sed occaecati rerum voluptatibus velit.','2','31','2018-05-22 16:32:53','2018-05-22 16:32:53');
INSERT INTO "reviews" ("id","customer","review","star","product_id","created_at","updated_at") VALUES ('156','Lera Botsford DDS','Beatae dolores et nam cumque ipsam eum voluptas voluptatem. Dignissimos a ut provident. Fugit cupiditate et molestiae mollitia earum ea.','5','45','2018-05-22 16:32:54','2018-05-22 16:32:54');
INSERT INTO "reviews" ("id","customer","review","star","product_id","created_at","updated_at") VALUES ('157','Eldred Toy','Sint non unde reprehenderit architecto. Voluptates hic ducimus qui consequuntur impedit tempora. Consequuntur cupiditate voluptatem tenetur eos amet et.','1','7','2018-05-22 16:32:54','2018-05-22 16:32:54');
INSERT INTO "reviews" ("id","customer","review","star","product_id","created_at","updated_at") VALUES ('158','Hans Powlowski','Consequuntur omnis nesciunt optio similique aliquam suscipit sunt deserunt. Odit facilis explicabo dolorem nulla.','1','16','2018-05-22 16:32:54','2018-05-22 16:32:54');
INSERT INTO "reviews" ("id","customer","review","star","product_id","created_at","updated_at") VALUES ('159','Thurman Corkery MD','Et magnam ut tenetur quia omnis aperiam dolores. Dolor corporis recusandae officia non doloremque. Et suscipit est aut quis eaque et atque. Accusamus exercitationem consequuntur sint itaque dolor.','3','43','2018-05-22 16:32:54','2018-05-22 16:32:54');
INSERT INTO "reviews" ("id","customer","review","star","product_id","created_at","updated_at") VALUES ('160','Lonie Nolan IV','Est et ut officia quia a hic id. Dolor velit natus veniam quia modi. Culpa saepe rerum non eum nihil ut. Vero quisquam nemo illum maiores nemo.','3','5','2018-05-22 16:32:54','2018-05-22 16:32:54');
INSERT INTO "reviews" ("id","customer","review","star","product_id","created_at","updated_at") VALUES ('161','Mr. Milford Schultz','Qui maxime qui est porro ipsam aliquam assumenda. Rerum dolores totam reiciendis sit. Eveniet aut repudiandae consequuntur non quia.','5','31','2018-05-22 16:32:54','2018-05-22 16:32:54');
INSERT INTO "reviews" ("id","customer","review","star","product_id","created_at","updated_at") VALUES ('162','Sonya Douglas','Sit adipisci provident velit id ut et minus harum. Vel voluptas aut odio iste iusto tenetur ducimus. Libero non unde tempore omnis ipsa enim voluptas. Quibusdam maiores quae et sit ea.','3','20','2018-05-22 16:32:54','2018-05-22 16:32:54');
INSERT INTO "reviews" ("id","customer","review","star","product_id","created_at","updated_at") VALUES ('163','Zula Effertz','Nulla incidunt sapiente beatae natus. Rem molestias veniam repudiandae nisi velit. Consectetur aut dolor harum. Voluptatem voluptatem error rerum fuga pariatur.','2','13','2018-05-22 16:32:55','2018-05-22 16:32:55');
INSERT INTO "reviews" ("id","customer","review","star","product_id","created_at","updated_at") VALUES ('164','Rahsaan Fahey','Quia nobis odit quia quis molestiae optio facere. Officia cupiditate voluptates architecto non reiciendis praesentium a.','3','45','2018-05-22 16:32:55','2018-05-22 16:32:55');
INSERT INTO "reviews" ("id","customer","review","star","product_id","created_at","updated_at") VALUES ('165','Vince Lockman','Ipsum qui delectus eum molestiae laudantium quis. Tempora incidunt et voluptatem nisi mollitia praesentium. Ratione consequuntur vitae consequatur velit incidunt aut laudantium vel. Tenetur accusantium iure illum dicta eius.','2','36','2018-05-22 16:32:55','2018-05-22 16:32:55');
INSERT INTO "reviews" ("id","customer","review","star","product_id","created_at","updated_at") VALUES ('166','Mr. Harvey Bauch','Nobis magni esse ut dignissimos. Laudantium delectus illum ipsa provident modi. Quasi cumque voluptatum deserunt fugiat excepturi tempore aliquid totam. Omnis enim delectus hic quia tempore repellat quo natus.','1','22','2018-05-22 16:32:55','2018-05-22 16:32:55');
INSERT INTO "reviews" ("id","customer","review","star","product_id","created_at","updated_at") VALUES ('167','Jonas Olson','Eos doloremque incidunt non aliquam ipsam. Eligendi eligendi ut ut molestias. Hic dolorem doloremque minima id ut. Ea aspernatur ducimus voluptas eum et.','4','16','2018-05-22 16:32:55','2018-05-22 16:32:55');
INSERT INTO "reviews" ("id","customer","review","star","product_id","created_at","updated_at") VALUES ('168','Georgianna Lynch','Doloribus alias et ut facilis est. Explicabo dignissimos ipsa exercitationem at. In quae praesentium voluptate ullam explicabo distinctio. Consequatur omnis dolores repellat ullam saepe voluptate culpa.','3','21','2018-05-22 16:32:55','2018-05-22 16:32:55');
INSERT INTO "reviews" ("id","customer","review","star","product_id","created_at","updated_at") VALUES ('169','Mrs. Julianne Batz','Eaque perspiciatis est ex occaecati provident enim ipsam consequatur. Qui illo culpa quasi laudantium eius officiis. Nulla sit vero quia neque tenetur minima nihil quo. Saepe rem praesentium enim.','0','6','2018-05-22 16:32:55','2018-05-22 16:32:55');
INSERT INTO "reviews" ("id","customer","review","star","product_id","created_at","updated_at") VALUES ('170','Dr. Robert Cremin','Nulla deserunt commodi debitis voluptas et nihil. At dolor qui voluptatem quidem vero et. At laudantium aut harum. Rem enim ut blanditiis omnis fuga.','3','50','2018-05-22 16:32:55','2018-05-22 16:32:55');
INSERT INTO "reviews" ("id","customer","review","star","product_id","created_at","updated_at") VALUES ('171','Hattie Conn II','Dolor minus earum hic ut nulla quia quo. Doloribus aliquid esse qui aliquid ut id. Accusamus eligendi non eius voluptatem qui. Expedita ullam recusandae dolores est.','4','33','2018-05-22 16:32:56','2018-05-22 16:32:56');
INSERT INTO "reviews" ("id","customer","review","star","product_id","created_at","updated_at") VALUES ('172','Grant Stiedemann','Officia nisi consequatur accusantium est esse officiis voluptatum. Repellat sed asperiores rem sint unde reprehenderit. Repudiandae dolor ratione rerum vel voluptates voluptates unde. Facilis voluptas aut aut dolor non.','4','4','2018-05-22 16:32:56','2018-05-22 16:32:56');
INSERT INTO "reviews" ("id","customer","review","star","product_id","created_at","updated_at") VALUES ('173','Samson Schoen','Hic dicta dicta sed dolor tempora. Reiciendis cupiditate quis molestiae et et cupiditate. Quo rerum corporis eveniet vel voluptas. Ut eveniet dolore sit et.','1','40','2018-05-22 16:32:56','2018-05-22 16:32:56');
INSERT INTO "reviews" ("id","customer","review","star","product_id","created_at","updated_at") VALUES ('174','Lea Jenkins','Itaque est voluptate rerum cupiditate voluptas nulla. Consequatur expedita non blanditiis recusandae qui. Fuga aspernatur qui eos voluptas et ut sequi dignissimos. At id voluptas et culpa delectus.','4','23','2018-05-22 16:32:56','2018-05-22 16:32:56');
INSERT INTO "reviews" ("id","customer","review","star","product_id","created_at","updated_at") VALUES ('175','Dana Weissnat','Saepe molestias at temporibus qui ipsa dolor voluptatibus. Dolorem ut soluta quis dignissimos itaque nam iste. Perspiciatis voluptate minima ut quia eos facilis in.','4','30','2018-05-22 16:32:56','2018-05-22 16:32:56');
INSERT INTO "reviews" ("id","customer","review","star","product_id","created_at","updated_at") VALUES ('176','Darwin Stiedemann','Vero quo nemo vero. Fugit repudiandae ut qui ut adipisci. Reiciendis amet quia qui voluptas dolores recusandae dicta qui. Eum quia cum reiciendis ipsum consequatur accusamus.','5','45','2018-05-22 16:32:56','2018-05-22 16:32:56');
INSERT INTO "reviews" ("id","customer","review","star","product_id","created_at","updated_at") VALUES ('177','Hipolito Adams','Et sequi ipsum in quo laboriosam ducimus. Voluptatum quo autem vitae quis qui perferendis suscipit. Odit et et est et delectus quod.','5','32','2018-05-22 16:32:56','2018-05-22 16:32:56');
INSERT INTO "reviews" ("id","customer","review","star","product_id","created_at","updated_at") VALUES ('178','Jake Quitzon','Repellendus eaque magnam perferendis sequi. Nemo recusandae quisquam quod. Id aut molestiae dignissimos aut facere rerum sunt quia.','3','38','2018-05-22 16:32:56','2018-05-22 16:32:56');
INSERT INTO "reviews" ("id","customer","review","star","product_id","created_at","updated_at") VALUES ('179','Otha Lakin','Fugiat voluptatem blanditiis aspernatur rem debitis. Rerum molestias animi vero quis non. Quis enim voluptas voluptatum hic sint est ut voluptatem. Cumque distinctio accusantium odit natus cumque officia.','3','40','2018-05-22 16:32:57','2018-05-22 16:32:57');
INSERT INTO "reviews" ("id","customer","review","star","product_id","created_at","updated_at") VALUES ('180','Miss Madie Krajcik II','Laborum deserunt aut iste saepe modi ducimus. Accusamus sunt in earum fugit. Libero dicta quia explicabo id cum atque ipsa natus.','3','13','2018-05-22 16:32:57','2018-05-22 16:32:57');
INSERT INTO "reviews" ("id","customer","review","star","product_id","created_at","updated_at") VALUES ('181','Shania Waters Jr.','Saepe alias laudantium unde quisquam. Et et rem quo. Nam voluptas illo adipisci id voluptatem et nihil. Illum qui aut id facilis.','1','17','2018-05-22 16:32:57','2018-05-22 16:32:57');
INSERT INTO "reviews" ("id","customer","review","star","product_id","created_at","updated_at") VALUES ('182','Mozell Kessler','Nihil exercitationem similique culpa placeat et vel veniam. Sapiente et id rerum perspiciatis. Impedit quae voluptas suscipit repellendus. Sapiente quo culpa deserunt quis qui aut.','1','3','2018-05-22 16:32:57','2018-05-22 16:32:57');
INSERT INTO "reviews" ("id","customer","review","star","product_id","created_at","updated_at") VALUES ('183','Donavon Reynolds','Eveniet est est doloremque vel animi aut molestiae. Et suscipit culpa dicta enim. Cumque quia quos accusantium consectetur in ullam.','4','5','2018-05-22 16:32:57','2018-05-22 16:32:57');
INSERT INTO "reviews" ("id","customer","review","star","product_id","created_at","updated_at") VALUES ('184','Nina Parker','Dignissimos voluptate delectus est reprehenderit amet. Numquam excepturi voluptatum et numquam consequatur. Ea cum consequatur expedita placeat. Nostrum quo nihil dolore iusto reprehenderit reprehenderit omnis.','0','36','2018-05-22 16:32:57','2018-05-22 16:32:57');
INSERT INTO "reviews" ("id","customer","review","star","product_id","created_at","updated_at") VALUES ('185','Cleve Rodriguez MD','Ex architecto explicabo quia accusamus assumenda dolor. Eos quos ea nostrum ipsum et impedit sit accusamus. Corrupti eum perferendis recusandae laboriosam.','5','28','2018-05-22 16:32:58','2018-05-22 16:32:58');
INSERT INTO "reviews" ("id","customer","review","star","product_id","created_at","updated_at") VALUES ('186','Geraldine Lubowitz','Recusandae laboriosam consequatur consequatur commodi eligendi qui aut. Iusto qui aliquam numquam voluptatum distinctio nihil sunt. Et aut veniam quas magni nesciunt harum consectetur. Nulla aliquam consectetur temporibus ipsum laborum reiciendis libero.','1','32','2018-05-22 16:32:58','2018-05-22 16:32:58');
INSERT INTO "reviews" ("id","customer","review","star","product_id","created_at","updated_at") VALUES ('187','Esmeralda Satterfield','Minima consequuntur dolor voluptatum qui. Unde corporis veritatis eos. Deleniti dignissimos assumenda est ea unde.','4','44','2018-05-22 16:32:58','2018-05-22 16:32:58');
INSERT INTO "reviews" ("id","customer","review","star","product_id","created_at","updated_at") VALUES ('188','Kareem Daugherty','Nostrum ad quis sequi alias aliquid tempore. Debitis assumenda voluptatem aut fuga nisi. Minima rerum sed esse aut sed rerum.','0','32','2018-05-22 16:32:58','2018-05-22 16:32:58');
INSERT INTO "reviews" ("id","customer","review","star","product_id","created_at","updated_at") VALUES ('189','Britney Funk','Mollitia quo beatae non eius et. Tempore et eos sequi magni reiciendis est omnis similique. Aliquid eum sint reprehenderit dolorem facilis porro.','5','27','2018-05-22 16:32:58','2018-05-22 16:32:58');
INSERT INTO "reviews" ("id","customer","review","star","product_id","created_at","updated_at") VALUES ('190','Sammy Lowe','Ducimus vel nihil vel sapiente aut dolorem omnis. A molestiae tenetur eos aliquid asperiores. Fugiat soluta vel ea dolores cumque.','2','17','2018-05-22 16:32:58','2018-05-22 16:32:58');
INSERT INTO "reviews" ("id","customer","review","star","product_id","created_at","updated_at") VALUES ('191','Roxanne Green','Similique aliquid quod sit ex. Maxime illo in natus repellendus autem ea dolorum. Et iste earum voluptate veritatis. Veritatis nostrum qui voluptas vel eius debitis.','1','22','2018-05-22 16:32:58','2018-05-22 16:32:58');
INSERT INTO "reviews" ("id","customer","review","star","product_id","created_at","updated_at") VALUES ('192','Cameron Douglas','Aut officiis earum reprehenderit ipsam consequuntur. Ipsa facilis omnis placeat quae. Voluptatem sint earum autem ex ut perspiciatis quasi nihil. Modi ratione libero blanditiis aperiam modi in eligendi. Molestiae molestias nulla ut maxime rerum et.','3','24','2018-05-22 16:32:59','2018-05-22 16:32:59');
INSERT INTO "reviews" ("id","customer","review","star","product_id","created_at","updated_at") VALUES ('193','Jeremy Jerde','Asperiores consectetur natus impedit corrupti quas laudantium enim. Et maiores nam quia ut sapiente. Vel nostrum tenetur voluptas dolorem fugit aut.','1','24','2018-05-22 16:32:59','2018-05-22 16:32:59');
INSERT INTO "reviews" ("id","customer","review","star","product_id","created_at","updated_at") VALUES ('194','Brycen Marvin','Laudantium nisi libero qui voluptatibus quod aut. Consequatur aut rem quam magni vitae dignissimos. Quia dolorem asperiores minima expedita est quia dolorum.','5','31','2018-05-22 16:32:59','2018-05-22 16:32:59');
INSERT INTO "reviews" ("id","customer","review","star","product_id","created_at","updated_at") VALUES ('195','Jalyn Stanton','Sit aut ipsum enim enim sed. Magni at nemo qui eveniet ea. Autem magnam quisquam quae. Incidunt culpa fugit distinctio eligendi dolore totam.','0','6','2018-05-22 16:32:59','2018-05-22 16:32:59');
INSERT INTO "reviews" ("id","customer","review","star","product_id","created_at","updated_at") VALUES ('196','Isaias Wolff','Nihil qui quisquam voluptatibus quos praesentium odio aliquam. Ut ipsum voluptatibus fuga a officia. Dolore ea est molestiae quis quibusdam ea. Magni molestiae tempora aspernatur quia aut ut.','3','26','2018-05-22 16:32:59','2018-05-22 16:32:59');
INSERT INTO "reviews" ("id","customer","review","star","product_id","created_at","updated_at") VALUES ('197','Lloyd Grant','Voluptas est aut optio ut saepe. Totam omnis rem mollitia libero rerum esse. Eum debitis veniam dolores tempora.','2','16','2018-05-22 16:32:59','2018-05-22 16:32:59');
INSERT INTO "reviews" ("id","customer","review","star","product_id","created_at","updated_at") VALUES ('198','Mrs. Alvena Schuster','Dolor consequatur iusto quia porro quos. Eligendi ratione laborum quisquam eligendi autem. Itaque laboriosam alias temporibus molestiae qui voluptate assumenda.','5','14','2018-05-22 16:32:59','2018-05-22 16:32:59');
INSERT INTO "reviews" ("id","customer","review","star","product_id","created_at","updated_at") VALUES ('199','Sylvan Botsford','Vel vel ut tenetur dolore amet quam. Magnam praesentium ut culpa. Non molestiae occaecati earum.','1','36','2018-05-22 16:33:00','2018-05-22 16:33:00');
INSERT INTO "reviews" ("id","customer","review","star","product_id","created_at","updated_at") VALUES ('200','Corene Mayert Sr.','Omnis repellendus voluptate eos repellat. Expedita dolores accusantium corporis iusto.','1','31','2018-05-22 16:33:00','2018-05-22 16:33:00');
INSERT INTO "reviews" ("id","customer","review","star","product_id","created_at","updated_at") VALUES ('201','Bernadette Tremblay','Eveniet enim minus odio voluptatem nulla quasi dolor. Perferendis nihil quam natus rem aut. Velit dolores velit corrupti saepe dolorem consequatur.','2','34','2018-05-22 16:33:00','2018-05-22 16:33:00');
INSERT INTO "reviews" ("id","customer","review","star","product_id","created_at","updated_at") VALUES ('202','Sydnee Marquardt','Enim earum itaque facilis. Dolores earum suscipit sed harum adipisci aliquid vel.','1','49','2018-05-22 16:33:00','2018-05-22 16:33:00');
INSERT INTO "reviews" ("id","customer","review","star","product_id","created_at","updated_at") VALUES ('203','Elnora Weissnat PhD','Rerum ipsa et aut delectus. Qui sit omnis sapiente dolores. Nisi hic temporibus ut eum non pariatur quisquam. Inventore iure ipsum quam occaecati earum iste.','2','46','2018-05-22 16:33:00','2018-05-22 16:33:00');
INSERT INTO "reviews" ("id","customer","review","star","product_id","created_at","updated_at") VALUES ('204','Dr. Henry O''Kon','Quos qui sit laborum corrupti reprehenderit magnam delectus. Ipsum quam quis suscipit vero qui unde. Quaerat numquam sit provident quas omnis fuga.','0','23','2018-05-22 16:33:00','2018-05-22 16:33:00');
INSERT INTO "reviews" ("id","customer","review","star","product_id","created_at","updated_at") VALUES ('205','Dr. Mariah Kshlerin','Est ut dignissimos hic ea. In sed quam consequatur ad quae vel. Sit repellendus asperiores dolorem sunt adipisci maiores dignissimos. Quos illo exercitationem eaque non.','2','3','2018-05-22 16:33:00','2018-05-22 16:33:00');
INSERT INTO "reviews" ("id","customer","review","star","product_id","created_at","updated_at") VALUES ('206','Deron Conroy','Excepturi aut iure ut adipisci qui tempora fugit voluptatibus. Est debitis voluptas facilis totam ea. Est possimus tempora voluptatibus ex alias cumque.','3','11','2018-05-22 16:33:01','2018-05-22 16:33:01');
INSERT INTO "reviews" ("id","customer","review","star","product_id","created_at","updated_at") VALUES ('207','Jessy Rice','Quis vel dolor quia quasi voluptatem. Ullam laudantium aut perferendis quisquam laudantium fugit et. Et voluptas nemo dolor. Sed eius aut nemo.','3','2','2018-05-22 16:33:01','2018-05-22 16:33:01');
INSERT INTO "reviews" ("id","customer","review","star","product_id","created_at","updated_at") VALUES ('208','Kieran Terry','Voluptatem et ut sed perferendis. Tempora neque voluptatibus qui et earum officia. Amet ratione quasi tempore consequuntur quidem aliquid.','0','18','2018-05-22 16:33:01','2018-05-22 16:33:01');
INSERT INTO "reviews" ("id","customer","review","star","product_id","created_at","updated_at") VALUES ('209','Myrl Robel','Tempore et ut sunt quis voluptas. Porro perspiciatis non veniam quisquam et adipisci. Totam vel quis totam perspiciatis consequuntur quam.','0','16','2018-05-22 16:33:01','2018-05-22 16:33:01');
INSERT INTO "reviews" ("id","customer","review","star","product_id","created_at","updated_at") VALUES ('210','Chris Schneider','Quo iste error sit illo aspernatur dolore. Atque blanditiis molestias praesentium esse possimus.','0','48','2018-05-22 16:33:01','2018-05-22 16:33:01');
INSERT INTO "reviews" ("id","customer","review","star","product_id","created_at","updated_at") VALUES ('211','Kayley Feest','Atque voluptatem esse id. Occaecati at qui quaerat magnam. Non qui recusandae dolor qui dignissimos. Asperiores ut inventore voluptatibus.','0','15','2018-05-22 16:33:01','2018-05-22 16:33:01');
INSERT INTO "reviews" ("id","customer","review","star","product_id","created_at","updated_at") VALUES ('212','Phyllis Beer','Ut quibusdam ea nisi et iusto explicabo sit. Ut sed sunt ab temporibus molestiae neque. Fugit odio nesciunt et ut velit.','1','17','2018-05-22 16:33:01','2018-05-22 16:33:01');
INSERT INTO "reviews" ("id","customer","review","star","product_id","created_at","updated_at") VALUES ('213','Jerome Mosciski','Doloribus sunt ipsam itaque a. Sed rem aliquam qui ullam sunt et at. Minus nulla id eum aliquid optio quos. Similique quia sunt sunt delectus commodi deserunt voluptatem.','5','46','2018-05-22 16:33:02','2018-05-22 16:33:02');
INSERT INTO "reviews" ("id","customer","review","star","product_id","created_at","updated_at") VALUES ('214','Halle Halvorson','Perspiciatis libero eaque consequatur et qui sed. Illo nobis quidem deserunt qui saepe ut dignissimos. Nihil quod explicabo et dolore ut voluptatem.','1','26','2018-05-22 16:33:02','2018-05-22 16:33:02');
INSERT INTO "reviews" ("id","customer","review","star","product_id","created_at","updated_at") VALUES ('215','Mrs. Cortney Daniel DDS','Aut iste autem eum laboriosam ipsam laudantium. Reprehenderit nulla est eveniet nemo. Voluptate tenetur suscipit consequatur voluptates dolorem. Dolorem sunt deserunt et soluta enim.','5','44','2018-05-22 16:33:02','2018-05-22 16:33:02');
INSERT INTO "reviews" ("id","customer","review","star","product_id","created_at","updated_at") VALUES ('216','Prof. Hoyt O''Conner','Consectetur dicta rerum et eos ratione qui autem. Magnam non aliquid magnam ut. Adipisci sequi dolores assumenda dolor omnis.','4','7','2018-05-22 16:33:02','2018-05-22 16:33:02');
INSERT INTO "reviews" ("id","customer","review","star","product_id","created_at","updated_at") VALUES ('217','Tia Schmidt','Molestias neque debitis rerum ullam aliquam exercitationem sequi ut. Ducimus et provident aut nobis earum qui dolorum sapiente. Voluptates earum asperiores voluptatum amet quo et et deserunt.','4','10','2018-05-22 16:33:02','2018-05-22 16:33:02');
INSERT INTO "reviews" ("id","customer","review","star","product_id","created_at","updated_at") VALUES ('218','Evangeline Cole','Ut id quaerat unde voluptatibus quibusdam vel. Quaerat voluptate tenetur iste minus dolor maiores pariatur magni. Facilis qui possimus nam voluptas. Officia aliquam molestiae est impedit praesentium non ut in.','4','34','2018-05-22 16:33:02','2018-05-22 16:33:02');
INSERT INTO "reviews" ("id","customer","review","star","product_id","created_at","updated_at") VALUES ('219','Dr. Kieran Stamm Jr.','Id cupiditate adipisci deserunt sint aliquam dignissimos sed. Sed natus fuga modi nobis neque. Non aut non optio est modi unde quaerat.','0','14','2018-05-22 16:33:02','2018-05-22 16:33:02');
INSERT INTO "reviews" ("id","customer","review","star","product_id","created_at","updated_at") VALUES ('220','Prof. Ismael Altenwerth','Eos ut dolores dolores ipsum quaerat et vel. Fugiat officiis veniam accusantium cumque voluptas tempora.','0','37','2018-05-22 16:33:03','2018-05-22 16:33:03');
INSERT INTO "reviews" ("id","customer","review","star","product_id","created_at","updated_at") VALUES ('221','Prof. Garland Dickens','Libero sunt non omnis qui quia vel voluptas consequatur. Voluptates dolore fugiat in id molestias. Ab quia quia consequatur magni. Tempora voluptates aspernatur est tempora dolorem. Dolores fugit repudiandae enim omnis eos earum ipsam.','1','23','2018-05-22 16:33:03','2018-05-22 16:33:03');
INSERT INTO "reviews" ("id","customer","review","star","product_id","created_at","updated_at") VALUES ('222','Prof. Gage Welch Sr.','Et eius dolores quisquam aperiam maiores. Voluptatibus placeat aliquid tempora nam. Sed ipsa ut voluptatem nesciunt maxime modi in. Similique vel ut voluptas ut. Velit harum quo et qui odio rerum.','1','34','2018-05-22 16:33:03','2018-05-22 16:33:03');
INSERT INTO "reviews" ("id","customer","review","star","product_id","created_at","updated_at") VALUES ('223','Anastacio Kunde','Totam qui ad ad. Atque similique illum consequatur voluptatem at est beatae. Harum repudiandae necessitatibus nihil dignissimos tempora modi. Consequatur quo itaque eos.','5','1','2018-05-22 16:33:03','2018-05-22 16:33:03');
INSERT INTO "reviews" ("id","customer","review","star","product_id","created_at","updated_at") VALUES ('224','Katherine Murazik','Nulla unde laborum ad tempora ut nihil. Autem molestias est in aut aut blanditiis et exercitationem. Eaque voluptatem deleniti officiis vel necessitatibus. Enim totam corporis mollitia eos ut accusantium. Illum nemo harum sit laborum ducimus hic.','3','50','2018-05-22 16:33:03','2018-05-22 16:33:03');
INSERT INTO "reviews" ("id","customer","review","star","product_id","created_at","updated_at") VALUES ('225','Jaden Fadel','Voluptatum expedita quisquam magni eveniet placeat sit maxime quia. Eligendi molestias maxime sint. Magnam voluptatum nostrum quis voluptas voluptas. Natus saepe qui architecto necessitatibus.','1','36','2018-05-22 16:33:03','2018-05-22 16:33:03');
INSERT INTO "reviews" ("id","customer","review","star","product_id","created_at","updated_at") VALUES ('226','Miss Anna Yost IV','Maxime quo dolor totam cum et. Repellat praesentium tenetur vitae quia consectetur amet. Voluptates aliquid aspernatur labore ut aut corporis dolores. Et ex voluptatem consequatur.','2','3','2018-05-22 16:33:04','2018-05-22 16:33:04');
INSERT INTO "reviews" ("id","customer","review","star","product_id","created_at","updated_at") VALUES ('227','Noe Mosciski III','Natus dolores architecto corporis repellat sit et sunt. Illum voluptas beatae iste quibusdam nesciunt et. Officiis autem harum qui ipsum quae aspernatur.','4','38','2018-05-22 16:33:04','2018-05-22 16:33:04');
INSERT INTO "reviews" ("id","customer","review","star","product_id","created_at","updated_at") VALUES ('228','Joelle Homenick','Officia non reiciendis eos est id qui autem. Quod aliquid tempora et porro est. Temporibus sed exercitationem dolores perferendis a.','5','32','2018-05-22 16:33:04','2018-05-22 16:33:04');
INSERT INTO "reviews" ("id","customer","review","star","product_id","created_at","updated_at") VALUES ('229','Orval Ebert','Nam nostrum sed error ea doloremque quo sed. Minus optio quis vel et nobis. Ipsam deserunt qui ut fuga nisi.','5','12','2018-05-22 16:33:04','2018-05-22 16:33:04');
INSERT INTO "reviews" ("id","customer","review","star","product_id","created_at","updated_at") VALUES ('230','Kallie Satterfield','Id voluptate autem nisi aut nulla temporibus. Alias consectetur quia nesciunt id aut officiis aut. Quas exercitationem qui quas.','2','19','2018-05-22 16:33:04','2018-05-22 16:33:04');
INSERT INTO "reviews" ("id","customer","review","star","product_id","created_at","updated_at") VALUES ('231','Jaylen West','Sint sunt debitis unde. Dignissimos a vel odit optio. Magnam occaecati consectetur quos fugiat possimus nobis.','0','20','2018-05-22 16:33:04','2018-05-22 16:33:04');
INSERT INTO "reviews" ("id","customer","review","star","product_id","created_at","updated_at") VALUES ('232','Jannie Altenwerth Sr.','Modi aut molestiae non aspernatur velit vel. Aut in dignissimos autem ratione. Libero recusandae facilis occaecati magni. Rerum modi unde quis aliquid natus.','0','47','2018-05-22 16:33:04','2018-05-22 16:33:04');
INSERT INTO "reviews" ("id","customer","review","star","product_id","created_at","updated_at") VALUES ('233','Verda McDermott','Tempora illo molestiae ut ratione inventore. Possimus similique sed eaque aliquid. Enim iure iusto debitis fugit ducimus quod dignissimos maxime. Inventore quasi aut reiciendis et qui commodi dolore. Explicabo qui ut quidem dolores maiores.','0','14','2018-05-22 16:33:04','2018-05-22 16:33:04');
INSERT INTO "reviews" ("id","customer","review","star","product_id","created_at","updated_at") VALUES ('234','Stephania D''Amore','Expedita et voluptatem necessitatibus nesciunt sed. Officiis quo molestiae enim adipisci impedit et. Illo maxime libero velit minima animi aut inventore. Velit saepe dignissimos consequatur et voluptatem dignissimos sit nisi.','3','2','2018-05-22 16:33:04','2018-05-22 16:33:04');
INSERT INTO "reviews" ("id","customer","review","star","product_id","created_at","updated_at") VALUES ('235','Janis Metz','In sed nemo corrupti natus voluptatem sit dolor. Quos natus velit animi unde natus. Corporis eaque fugiat rerum est est ut.','5','29','2018-05-22 16:33:05','2018-05-22 16:33:05');
INSERT INTO "reviews" ("id","customer","review","star","product_id","created_at","updated_at") VALUES ('236','Jerod Hills','Quas et in praesentium nobis. Non animi expedita et facilis nemo adipisci consequatur quia. Ut voluptatem iusto ipsa sint velit velit.','4','43','2018-05-22 16:33:05','2018-05-22 16:33:05');
INSERT INTO "reviews" ("id","customer","review","star","product_id","created_at","updated_at") VALUES ('237','Ruthie Hettinger','Voluptas iusto et nulla quaerat officia sint labore. Voluptas provident eum doloribus autem rerum sit nihil. Non voluptatem rerum quaerat neque commodi et exercitationem quod. Laudantium ipsam consequatur quos modi deserunt velit.','5','13','2018-05-22 16:33:05','2018-05-22 16:33:05');
INSERT INTO "reviews" ("id","customer","review","star","product_id","created_at","updated_at") VALUES ('238','Kelley Kling','Ad corporis sapiente quod fugiat et voluptates. Natus quo rerum ad tenetur molestias provident voluptatibus. Ut vel reprehenderit qui voluptatibus voluptates. Soluta asperiores atque qui aut.','1','36','2018-05-22 16:33:05','2018-05-22 16:33:05');
INSERT INTO "reviews" ("id","customer","review","star","product_id","created_at","updated_at") VALUES ('239','Prof. Ernesto Jones DDS','Blanditiis natus vel ipsam beatae distinctio. Ratione repellat est qui veritatis. Non distinctio in aut ipsum saepe consequatur.','2','25','2018-05-22 16:33:05','2018-05-22 16:33:05');
INSERT INTO "reviews" ("id","customer","review","star","product_id","created_at","updated_at") VALUES ('240','Anabel Rogahn','Ducimus est nihil dicta illo non necessitatibus debitis. Voluptatum repellendus debitis optio assumenda sed. Distinctio cum qui aut cumque et.','0','8','2018-05-22 16:33:05','2018-05-22 16:33:05');
INSERT INTO "reviews" ("id","customer","review","star","product_id","created_at","updated_at") VALUES ('241','Dr. Audie Yost','Voluptate eaque unde neque et expedita accusamus. Molestiae praesentium ea impedit saepe reiciendis ipsa. Exercitationem occaecati pariatur velit aut.','0','5','2018-05-22 16:33:06','2018-05-22 16:33:06');
INSERT INTO "reviews" ("id","customer","review","star","product_id","created_at","updated_at") VALUES ('242','Pedro Bosco V','Consectetur enim eius aut. Voluptas debitis sapiente eveniet consequatur totam. Neque omnis soluta nam quia dolorem minima.','2','11','2018-05-22 16:33:06','2018-05-22 16:33:06');
INSERT INTO "reviews" ("id","customer","review","star","product_id","created_at","updated_at") VALUES ('243','Earnestine Harris','Consequatur laborum cumque quibusdam ducimus. Distinctio perferendis non rerum quos sequi culpa aut. Aut tempore officia quos rerum ut. Illo quis est qui voluptatem minima.','4','47','2018-05-22 16:33:06','2018-05-22 16:33:06');
INSERT INTO "reviews" ("id","customer","review","star","product_id","created_at","updated_at") VALUES ('244','Carlo Daugherty','Quo provident natus et et quo. Sed non voluptatem in dolor non. Ad eum architecto dolore aut deleniti magnam enim dolore. Voluptatem harum repudiandae quibusdam enim consequatur ratione sed. Qui cum dolores ea nobis qui placeat ducimus.','4','6','2018-05-22 16:33:06','2018-05-22 16:33:06');
INSERT INTO "reviews" ("id","customer","review","star","product_id","created_at","updated_at") VALUES ('245','Velva Heaney','Similique ratione velit inventore quidem sed rerum. Voluptas quisquam sit nihil consequatur odit aut. Est est deserunt eveniet hic et et.','3','41','2018-05-22 16:33:06','2018-05-22 16:33:06');
INSERT INTO "reviews" ("id","customer","review","star","product_id","created_at","updated_at") VALUES ('246','Savion Lynch','Laboriosam doloremque esse quia officia voluptatem doloribus eaque beatae. Magnam est laboriosam non voluptatem. Voluptatem nemo aut et.','2','9','2018-05-22 16:33:06','2018-05-22 16:33:06');
INSERT INTO "reviews" ("id","customer","review","star","product_id","created_at","updated_at") VALUES ('247','Asha Feil','Minus quia voluptatem deserunt voluptatibus inventore inventore. Est nulla qui possimus est doloribus. Voluptatum saepe veniam est sit. Et quibusdam sunt cumque qui ipsa nesciunt.','1','34','2018-05-22 16:33:06','2018-05-22 16:33:06');
INSERT INTO "reviews" ("id","customer","review","star","product_id","created_at","updated_at") VALUES ('248','Fannie Wiegand','Et est distinctio ducimus voluptatem ipsam dolorum ducimus. Et vero voluptas maiores dolorem. Illo voluptatem molestiae facilis ducimus deserunt dolor.','1','22','2018-05-22 16:33:07','2018-05-22 16:33:07');
INSERT INTO "reviews" ("id","customer","review","star","product_id","created_at","updated_at") VALUES ('249','Glennie Bergstrom','Consequuntur consequatur nemo deserunt minus unde dolor commodi voluptatem. Necessitatibus at quisquam consequatur quis velit neque eius sint. Laborum in voluptatem ipsam reiciendis non assumenda. Id qui odit dolorem tempore. Praesentium deleniti tenetur et consequatur.','0','10','2018-05-22 16:33:07','2018-05-22 16:33:07');
INSERT INTO "reviews" ("id","customer","review","star","product_id","created_at","updated_at") VALUES ('250','Prof. Estevan Towne','Hic aut at ut a veniam reprehenderit. Nihil commodi sint mollitia quae et repellendus voluptatem. Fugit illum et sequi numquam aut et. Eos a eos autem debitis qui. Non nihil doloremque quam voluptatum reiciendis quas.','3','34','2018-05-22 16:33:07','2018-05-22 16:33:07');
INSERT INTO "reviews" ("id","customer","review","star","product_id","created_at","updated_at") VALUES ('251','Serena Schimmel III','Est dolore debitis error voluptas optio dolorum et perferendis. Sapiente fugiat consectetur laboriosam voluptatibus aut saepe error ea. Et dolorum enim id sapiente porro consequuntur deleniti.','3','23','2018-05-22 16:33:07','2018-05-22 16:33:07');
INSERT INTO "reviews" ("id","customer","review","star","product_id","created_at","updated_at") VALUES ('252','Kendra Schiller','Ut sint facilis a vitae unde enim ipsum corrupti. Quos id distinctio quod labore vero. Vel vel in qui atque eveniet molestias. Dicta ut quidem vitae quas voluptas voluptatibus natus.','5','11','2018-05-22 16:33:07','2018-05-22 16:33:07');
INSERT INTO "reviews" ("id","customer","review","star","product_id","created_at","updated_at") VALUES ('253','Erling Ullrich','Sint aliquam unde vitae iste est. Numquam non qui alias quia cumque. Ut excepturi et optio doloremque vero deleniti nisi.','1','31','2018-05-22 16:33:07','2018-05-22 16:33:07');
INSERT INTO "reviews" ("id","customer","review","star","product_id","created_at","updated_at") VALUES ('254','Miss Marta Collins','Nulla et omnis sed recusandae laborum et sunt. Totam itaque aut sed facilis eos tempore iusto. Qui aut repudiandae minima soluta quod.','3','17','2018-05-22 16:33:07','2018-05-22 16:33:07');
INSERT INTO "reviews" ("id","customer","review","star","product_id","created_at","updated_at") VALUES ('255','Leonardo Jakubowski','Quisquam totam repellendus nisi beatae. Placeat saepe ex quasi ea tenetur aut quaerat. Vel ut est temporibus sequi consequatur ad. Vel laboriosam saepe ipsam vel tenetur. Animi nulla eos et labore.','2','28','2018-05-22 16:33:08','2018-05-22 16:33:08');
INSERT INTO "reviews" ("id","customer","review","star","product_id","created_at","updated_at") VALUES ('256','Hobart Heidenreich','Eveniet mollitia nobis est molestiae. Hic temporibus est et consequatur eos. Enim est impedit earum. Non debitis placeat amet quod eos aperiam qui.','1','1','2018-05-22 16:33:08','2018-05-22 16:33:08');
INSERT INTO "reviews" ("id","customer","review","star","product_id","created_at","updated_at") VALUES ('257','Ophelia Littel','Qui provident deserunt officiis eos sequi iure tempora. Accusantium deserunt blanditiis inventore. Qui eligendi dolorum neque ex culpa ipsa. Et voluptates rem dolores ut ea.','0','28','2018-05-22 16:33:08','2018-05-22 16:33:08');
INSERT INTO "reviews" ("id","customer","review","star","product_id","created_at","updated_at") VALUES ('258','Dr. David Halvorson','Voluptatem vel illo non sed error harum. Culpa facilis ut non qui alias sit nisi. Natus et libero itaque magni mollitia. Et vel et sit ex in delectus.','3','34','2018-05-22 16:33:08','2018-05-22 16:33:08');
INSERT INTO "reviews" ("id","customer","review","star","product_id","created_at","updated_at") VALUES ('259','Vesta Hahn','Accusamus recusandae cupiditate et. Rerum reiciendis amet ad et. Ea enim modi sunt eos sit eius.','5','22','2018-05-22 16:33:08','2018-05-22 16:33:08');
INSERT INTO "reviews" ("id","customer","review","star","product_id","created_at","updated_at") VALUES ('260','Kellen Hintz','Ea et quaerat consectetur nesciunt eum. Cum illo dolorum commodi doloribus ut. Velit officiis architecto saepe. Recusandae ad temporibus molestiae amet tempora sequi.','3','7','2018-05-22 16:33:08','2018-05-22 16:33:08');
INSERT INTO "reviews" ("id","customer","review","star","product_id","created_at","updated_at") VALUES ('261','Jeramy Parisian','Laudantium nostrum rem molestiae doloribus sapiente sunt quidem. Voluptates itaque quia dicta iusto error. Eveniet vitae odit distinctio cupiditate. Debitis nobis culpa beatae quos.','0','7','2018-05-22 16:33:08','2018-05-22 16:33:08');
INSERT INTO "reviews" ("id","customer","review","star","product_id","created_at","updated_at") VALUES ('262','Shyann Skiles I','Nobis et quaerat corporis. Sed assumenda libero ipsum quo asperiores. Voluptas nihil nostrum adipisci incidunt.','2','9','2018-05-22 16:33:09','2018-05-22 16:33:09');
INSERT INTO "reviews" ("id","customer","review","star","product_id","created_at","updated_at") VALUES ('263','Dr. Marcel Gutkowski','Nam soluta et itaque fuga facilis. Repellendus quae eligendi minus occaecati.','3','33','2018-05-22 16:33:09','2018-05-22 16:33:09');
INSERT INTO "reviews" ("id","customer","review","star","product_id","created_at","updated_at") VALUES ('264','Kennith Bernier','Rerum ut dolore unde ut nostrum officiis sint. Voluptatum voluptas amet officia recusandae. Mollitia sapiente ea quia sint recusandae eum.','1','49','2018-05-22 16:33:09','2018-05-22 16:33:09');
INSERT INTO "reviews" ("id","customer","review","star","product_id","created_at","updated_at") VALUES ('265','Melody Moen','Eaque qui et consequatur consectetur delectus velit eum necessitatibus. Omnis vitae eum nemo velit quia fuga sunt velit. Necessitatibus esse assumenda assumenda. Reprehenderit esse voluptatem omnis.','5','29','2018-05-22 16:33:09','2018-05-22 16:33:09');
INSERT INTO "reviews" ("id","customer","review","star","product_id","created_at","updated_at") VALUES ('266','Mrs. Larissa Feest DVM','Saepe voluptates possimus expedita harum ea ad placeat. Consequuntur deserunt laudantium et neque in. Magni consequatur dolorem sit omnis animi debitis. Culpa odio error illum ut nihil.','5','11','2018-05-22 16:33:09','2018-05-22 16:33:09');
INSERT INTO "reviews" ("id","customer","review","star","product_id","created_at","updated_at") VALUES ('267','Mr. Aidan Eichmann','Velit ducimus facere qui eius nobis voluptatem ex. Temporibus voluptas aut libero et. Deserunt distinctio quaerat voluptatem in est alias temporibus.','0','30','2018-05-22 16:33:09','2018-05-22 16:33:09');
INSERT INTO "reviews" ("id","customer","review","star","product_id","created_at","updated_at") VALUES ('268','Ibrahim Zulauf III','Unde consequatur omnis quasi error. Ab voluptas est omnis ut. Nobis laborum sequi voluptatem quod et. Id et natus aut voluptas aliquid eligendi cumque.','1','35','2018-05-22 16:33:09','2018-05-22 16:33:09');
INSERT INTO "reviews" ("id","customer","review","star","product_id","created_at","updated_at") VALUES ('269','Miss Maurine Bins','Id sint facere aut blanditiis. Exercitationem molestiae vero autem aut ullam. Placeat voluptatum laudantium eos expedita. Vitae quaerat quis quia quod veniam dolor consequatur explicabo. Labore unde et ratione qui sunt ea qui.','5','21','2018-05-22 16:33:10','2018-05-22 16:33:10');
INSERT INTO "reviews" ("id","customer","review","star","product_id","created_at","updated_at") VALUES ('270','Miss Martine Keeling MD','Accusantium vel adipisci quis. Aspernatur et aut temporibus aut. Rem quia in blanditiis eos nemo et ratione.','2','15','2018-05-22 16:33:10','2018-05-22 16:33:10');
INSERT INTO "reviews" ("id","customer","review","star","product_id","created_at","updated_at") VALUES ('271','Retha Emmerich V','Hic eos reprehenderit quibusdam sit. Animi nihil quia alias illo deleniti omnis eum. Odit praesentium blanditiis itaque facilis voluptas iure. Quibusdam vel illum doloribus voluptatem nesciunt placeat. Iste ad hic sunt adipisci molestias et.','1','4','2018-05-22 16:33:10','2018-05-22 16:33:10');
INSERT INTO "reviews" ("id","customer","review","star","product_id","created_at","updated_at") VALUES ('272','Zena Fadel','Nam mollitia praesentium porro expedita praesentium. Corporis nisi sed asperiores iure voluptatem sit. Praesentium officiis sed numquam magni odit nulla doloribus. Consequatur tempora ut totam accusamus autem aut.','4','31','2018-05-22 16:33:10','2018-05-22 16:33:10');
INSERT INTO "reviews" ("id","customer","review","star","product_id","created_at","updated_at") VALUES ('273','Tiana Waters','Autem voluptatum voluptas velit eum eum nemo perferendis. Et impedit autem inventore pariatur corporis inventore distinctio. Tenetur omnis commodi ea veniam.','3','23','2018-05-22 16:33:10','2018-05-22 16:33:10');
INSERT INTO "reviews" ("id","customer","review","star","product_id","created_at","updated_at") VALUES ('274','Faye Ward','Est molestiae quasi sunt reprehenderit nulla. Culpa ea atque voluptatum est hic vitae aut. Beatae enim eum totam est nemo.','1','27','2018-05-22 16:33:10','2018-05-22 16:33:10');
INSERT INTO "reviews" ("id","customer","review","star","product_id","created_at","updated_at") VALUES ('275','Lawson Ferry','Libero repellat quo consequuntur accusantium. Sint delectus quia laborum amet. Suscipit ut placeat ut. Iste voluptates quibusdam sit mollitia ut totam ad.','3','48','2018-05-22 16:33:10','2018-05-22 16:33:10');
INSERT INTO "reviews" ("id","customer","review","star","product_id","created_at","updated_at") VALUES ('276','Kailee Yost','Molestias molestiae facere aut quaerat. Qui et odio rem sit.','5','35','2018-05-22 16:33:10','2018-05-22 16:33:10');
INSERT INTO "reviews" ("id","customer","review","star","product_id","created_at","updated_at") VALUES ('277','Annie Hoppe DVM','Exercitationem debitis cum optio quibusdam non repellendus ut. Voluptatibus molestiae molestiae animi eos aspernatur ipsum sit. Omnis sit eos in sit est quisquam.','4','21','2018-05-22 16:33:10','2018-05-22 16:33:10');
INSERT INTO "reviews" ("id","customer","review","star","product_id","created_at","updated_at") VALUES ('278','Jan Wilderman','Laudantium sapiente alias fuga. Illo numquam facilis necessitatibus nihil et. Cum alias et maxime eos.','4','1','2018-05-22 16:33:10','2018-05-22 16:33:10');
INSERT INTO "reviews" ("id","customer","review","star","product_id","created_at","updated_at") VALUES ('279','Hal Kirlin','Aut mollitia explicabo quibusdam error perspiciatis repellat reprehenderit. Molestiae voluptatem quia et et libero. Inventore nulla sit ipsum et odit. Saepe nobis impedit laboriosam optio veniam.','3','45','2018-05-22 16:33:11','2018-05-22 16:33:11');
INSERT INTO "reviews" ("id","customer","review","star","product_id","created_at","updated_at") VALUES ('280','Mr. Rylan Mosciski Jr.','Quis in beatae ut culpa necessitatibus. Inventore praesentium quibusdam sunt saepe. Magni autem ut voluptates dolor sed sapiente debitis est. Rem reiciendis libero esse.','3','19','2018-05-22 16:33:11','2018-05-22 16:33:11');
INSERT INTO "reviews" ("id","customer","review","star","product_id","created_at","updated_at") VALUES ('281','Dwight Rath','Laboriosam unde rerum exercitationem sapiente vero autem. Neque unde sequi et non enim ea. Non vel voluptatem quo exercitationem perspiciatis. Minus maiores quos corrupti facilis consectetur voluptatibus non quia.','3','10','2018-05-22 16:33:11','2018-05-22 16:33:11');
INSERT INTO "reviews" ("id","customer","review","star","product_id","created_at","updated_at") VALUES ('282','Fatima Kulas','Molestias autem illo dolorum quam similique magnam. Harum magnam maiores enim sequi dolor cumque. Quas et blanditiis porro sunt culpa.','2','25','2018-05-22 16:33:11','2018-05-22 16:33:11');
INSERT INTO "reviews" ("id","customer","review","star","product_id","created_at","updated_at") VALUES ('283','Shany Gerlach','Corrupti labore maxime voluptas iure et consequatur. Architecto error hic cupiditate sed laborum aut qui. Est alias sit laboriosam non ipsum.','0','29','2018-05-22 16:33:11','2018-05-22 16:33:11');
INSERT INTO "reviews" ("id","customer","review","star","product_id","created_at","updated_at") VALUES ('284','Dr. Annamae Becker V','Et qui quo similique ipsam similique dignissimos perferendis. Dolores consequatur beatae et omnis quidem ea. Repellat reprehenderit magnam cupiditate quia similique. Nostrum eos dolorum ex tempore vitae. Dolor voluptas non blanditiis ea nesciunt eligendi repellendus nesciunt.','4','31','2018-05-22 16:33:11','2018-05-22 16:33:11');
INSERT INTO "reviews" ("id","customer","review","star","product_id","created_at","updated_at") VALUES ('285','Daphne Kuhic','Facere rerum sint repudiandae aliquam quasi iure nisi exercitationem. Sed assumenda eaque enim at qui deleniti. Voluptatibus provident dolores dolor accusantium. Velit omnis ipsum vero laborum eos laudantium aut.','4','28','2018-05-22 16:33:11','2018-05-22 16:33:11');
INSERT INTO "reviews" ("id","customer","review","star","product_id","created_at","updated_at") VALUES ('286','Vivien Corkery','Quisquam laudantium eius odio mollitia autem et sit. Aut assumenda earum ipsam recusandae ipsam nesciunt dicta est. Magni laudantium sapiente rem impedit perferendis. Aperiam nihil alias quaerat libero veniam provident. Saepe inventore et ducimus.','3','3','2018-05-22 16:33:11','2018-05-22 16:33:11');
INSERT INTO "reviews" ("id","customer","review","star","product_id","created_at","updated_at") VALUES ('287','Dr. Evans Greenholt','Perspiciatis voluptatem aut sint quae. Voluptates dolores quia neque repellat quod. Illum cum quidem soluta vitae quis. Illo necessitatibus voluptas ea voluptatem.','2','37','2018-05-22 16:33:12','2018-05-22 16:33:12');
INSERT INTO "reviews" ("id","customer","review","star","product_id","created_at","updated_at") VALUES ('288','Houston Wolf','Sint consequatur non velit. Maxime quibusdam numquam aliquid enim dolores nihil dolorum itaque. Deleniti voluptatum vel est aliquam soluta repudiandae. Porro suscipit provident in rerum.','3','12','2018-05-22 16:33:12','2018-05-22 16:33:12');
INSERT INTO "reviews" ("id","customer","review","star","product_id","created_at","updated_at") VALUES ('289','Dariana Douglas','Quam occaecati deleniti nam eos. Impedit magni aut sed at est omnis rerum. Laborum commodi ea mollitia omnis. Quasi necessitatibus sint dolore.','0','46','2018-05-22 16:33:12','2018-05-22 16:33:12');
INSERT INTO "reviews" ("id","customer","review","star","product_id","created_at","updated_at") VALUES ('290','Mr. Rene Dooley','Debitis hic ipsa neque eveniet deserunt quod. Ut sed nesciunt quaerat voluptates facere est voluptates. Optio tempora in odio ab consequatur amet recusandae. Autem rem iusto quasi aliquam quas dolorem quae in.','1','48','2018-05-22 16:33:12','2018-05-22 16:33:12');
INSERT INTO "reviews" ("id","customer","review","star","product_id","created_at","updated_at") VALUES ('291','Mrs. Aurelie McKenzie','Quia totam deleniti nisi illum error et. Et repellendus sint blanditiis natus ea. Voluptas numquam voluptas totam magnam.','2','26','2018-05-22 16:33:12','2018-05-22 16:33:12');
INSERT INTO "reviews" ("id","customer","review","star","product_id","created_at","updated_at") VALUES ('292','Giovanna Keeling','Assumenda ab tenetur optio ea iure ut. Omnis accusamus voluptatum distinctio enim alias consectetur. Voluptatibus velit repellendus quibusdam qui cumque neque. Aperiam vero alias hic rerum magnam dolores.','1','15','2018-05-22 16:33:12','2018-05-22 16:33:12');
INSERT INTO "reviews" ("id","customer","review","star","product_id","created_at","updated_at") VALUES ('293','Darian Bauch','Nulla officiis quia asperiores non. Sed in tempore facilis nihil perferendis voluptatem reiciendis. Necessitatibus molestiae architecto molestiae. Excepturi et dolorem aut et.','4','28','2018-05-22 16:33:12','2018-05-22 16:33:12');
INSERT INTO "reviews" ("id","customer","review","star","product_id","created_at","updated_at") VALUES ('294','Pearlie Cruickshank','Vero et nisi sed vel cupiditate. Rerum non animi qui non veritatis. Est facilis voluptatem quaerat molestiae ut.','2','38','2018-05-22 16:33:12','2018-05-22 16:33:12');
INSERT INTO "reviews" ("id","customer","review","star","product_id","created_at","updated_at") VALUES ('295','Prof. Jillian Purdy II','Atque a enim aspernatur laboriosam autem saepe. Minus sunt distinctio sed maxime.','5','43','2018-05-22 16:33:12','2018-05-22 16:33:12');
INSERT INTO "reviews" ("id","customer","review","star","product_id","created_at","updated_at") VALUES ('296','Daisha Beatty','Harum eius omnis magni voluptatum labore quae officiis voluptate. Culpa eos et ad nisi debitis sit. Sunt atque necessitatibus nesciunt sequi nam sequi ut unde.','2','15','2018-05-22 16:33:13','2018-05-22 16:33:13');
INSERT INTO "reviews" ("id","customer","review","star","product_id","created_at","updated_at") VALUES ('297','Miss Dina Schaden Jr.','Tempora repellendus aliquid eos aut sapiente. Pariatur libero velit pariatur voluptates est dicta.','3','25','2018-05-22 16:33:13','2018-05-22 16:33:13');
INSERT INTO "reviews" ("id","customer","review","star","product_id","created_at","updated_at") VALUES ('298','Felipe Halvorson','Autem architecto et debitis aut et animi laborum. Qui iste harum natus natus. Iste suscipit ullam ea quam nam. Repellat consequuntur laudantium aut qui.','4','36','2018-05-22 16:33:13','2018-05-22 16:33:13');
INSERT INTO "reviews" ("id","customer","review","star","product_id","created_at","updated_at") VALUES ('299','Mr. Trey Altenwerth','Sed sit eum autem praesentium mollitia voluptas consequatur. Ullam maiores quaerat ullam in ab eligendi. Repellendus quasi eum dolor ipsa molestiae. Totam architecto odit inventore velit.','4','39','2018-05-22 16:33:13','2018-05-22 16:33:13');
INSERT INTO "reviews" ("id","customer","review","star","product_id","created_at","updated_at") VALUES ('300','Gregoria Rohan','Et sit ex quae. Perferendis quos voluptatem alias. Minus voluptas nobis consequatur delectus quo.','2','4','2018-05-22 16:33:13','2018-05-22 16:33:13');

----
-- Drop index for users_email_unique
----
DROP INDEX IF EXISTS "users_email_unique";

----
-- structure for index users_email_unique on table users
----
CREATE UNIQUE INDEX "users_email_unique" on "users" ("email");

----
-- Drop index for password_resets_email_index
----
DROP INDEX IF EXISTS "password_resets_email_index";

----
-- structure for index password_resets_email_index on table password_resets
----
CREATE INDEX "password_resets_email_index" on "password_resets" ("email");

----
-- Drop index for reviews_product_id_index
----
DROP INDEX IF EXISTS "reviews_product_id_index";

----
-- structure for index reviews_product_id_index on table reviews
----
CREATE INDEX "reviews_product_id_index" on "reviews" ("product_id");
COMMIT;
